BEGIN;

SET search_path TO gprec_erp, public;

TRUNCATE TABLE
  assignment_submissions,
  assignments,
  placement_drives,
  library_issues,
  library_books,
  complaints,
  hostel_outing_requests,
  hostel_visiting_requests,
  hostel_leave_requests,
  hostel_allocations,
  exam_schedules,
  payments,
  fee_dues,
  notices,
  guardians,
  faculty,
  non_teaching_staff,
  admins,
  students,
  departments
RESTART IDENTITY CASCADE;

INSERT INTO departments (code, name, short_name) VALUES
  ('CSE', 'Computer Science and Engineering', 'CSE'),
  ('ECE', 'Electronics and Communication Engineering', 'ECE'),
  ('EEE', 'Electrical and Electronics Engineering', 'EEE'),
  ('ME', 'Mechanical Engineering', 'ME'),
  ('CE', 'Civil Engineering', 'CE')
ON CONFLICT (code) DO UPDATE SET name = EXCLUDED.name, short_name = EXCLUDED.short_name;

INSERT INTO admins (full_name, email, role, department_code, can_manage_admins) VALUES
  ('Principal Office', 'admin@gprec.ac.in', 'College Admin', NULL, true),
  ('CSE HOD Office', 'cse.admin@gprec.ac.in', 'CSE Department Admin', 'CSE', false),
  ('Boys Hostel Office', 'boys.warden@gprec.ac.in', 'Boys Hostel Warden', NULL, false),
  ('Girls Hostel Office', 'girls.warden@gprec.ac.in', 'Girls Hostel Warden', NULL, false),
  ('Placement Cell Office', 'placement.cell@gprec.ac.in', 'Placement Cell Officer', NULL, false),
  ('Examination Cell Office', 'exam.cell@gprec.ac.in', 'Exam Cell Officer', NULL, false)
ON CONFLICT (email) DO NOTHING;

INSERT INTO non_teaching_staff (full_name, email, designation, section) VALUES
  ('K. Suresh', 'office.super@gprec.ac.in', 'Office Superintendent', 'Administrative Office'),
  ('M. Lakshmi', 'accounts@gprec.ac.in', 'Accountant', 'Accounts Section'),
  ('P. Ravi Kumar', 'librarian@gprec.ac.in', 'Librarian', 'Library'),
  ('S. Naveen', 'lab.tech.cse@gprec.ac.in', 'Lab Technician', 'CSE Labs'),
  ('D. Chandra Rao', 'estate.officer@gprec.ac.in', 'Estate Officer', 'Estate & Maintenance')
ON CONFLICT (email) DO NOTHING;

INSERT INTO faculty (full_name, email, department_code, designation) VALUES
  ('Dr. K. Ramesh', 'ramesh.cse@gprec.ac.in', 'CSE', 'Professor'),
  ('Dr. P. Anitha', 'anitha.cse@gprec.ac.in', 'CSE', 'Associate Professor'),
  ('Dr. M. Suresh', 'suresh.ece@gprec.ac.in', 'ECE', 'Professor'),
  ('Prof. N. Kavitha', 'kavitha.eee@gprec.ac.in', 'EEE', 'Assistant Professor')
ON CONFLICT (email) DO NOTHING;

UPDATE faculty
SET profile_photo_url = 'data:image/svg+xml;utf8,<svg xmlns="http://www.w3.org/2000/svg" width="240" height="240"><rect width="100%" height="100%" fill="%236c63ff"/><text x="50%" y="54%" font-size="86" text-anchor="middle" dominant-baseline="middle" fill="white" font-family="Arial, sans-serif">KR</text></svg>'
WHERE email = 'ramesh.cse@gprec.ac.in';

UPDATE faculty SET qualifications = 'Ph.D (CSE), M.Tech, B.Tech', google_scholar = 'https://scholar.google.com/citations?user=kramesh-gprec', apaar_id = 'APAAR-CSE-0002', vidwan_profile = 'https://vidwan.inflibnet.ac.in/profile/kramesh', phone = '9876543211', primary_subject = 'Database Management Systems', subject_code = 'DBMS' WHERE email = 'ramesh.cse@gprec.ac.in';
UPDATE faculty SET qualifications = 'M.Tech (CSE), B.Tech', apaar_id = 'APAAR-CSE-0003', phone = '9876543212', primary_subject = 'Operating Systems', subject_code = 'OS' WHERE email = 'anitha.cse@gprec.ac.in';
UPDATE faculty SET qualifications = 'Ph.D (ECE), M.Tech', apaar_id = 'APAAR-ECE-0001', phone = '9876543214', primary_subject = 'Electromagnetic Fields', subject_code = 'EMF' WHERE email = 'suresh.ece@gprec.ac.in';
UPDATE faculty SET qualifications = 'M.Tech (EEE), B.Tech', apaar_id = 'APAAR-EEE-0001', phone = '9876543213', primary_subject = 'Power Systems', subject_code = 'PS' WHERE email = 'kavitha.eee@gprec.ac.in';

INSERT INTO students (
  roll_no, full_name, department_code, class_name, semester, date_of_birth, gender,
  blood_group, mobile, email, address, admission_type, academic_year, hostel_status
) VALUES
  ('20X51A0501', 'Sai Chandan', 'CSE', 'CSE III A', 'VI Semester', '2005-08-15', 'Male', 'O+', '9876543210', 'saichandan.cse@gprec.ac.in', 'Kurnool, Andhra Pradesh', 'EAMCET', '2026-27', 'Hosteler | Boys Hostel, B-204'),
  ('20X51A0502', 'B. Naveen Kumar', 'CSE', 'CSE III A', 'VI Semester', '2005-06-12', 'Male', 'B+', '9876543211', 'naveen.cse@gprec.ac.in', 'Nandyal, Andhra Pradesh', 'EAMCET', '2026-27', 'Day scholar'),
  ('20X51A0503', 'CH. Ramya', 'CSE', 'CSE III A', 'VI Semester', '2005-11-21', 'Female', 'A+', '9876543212', 'ramya.cse@gprec.ac.in', 'Kurnool, Andhra Pradesh', 'EAMCET', '2026-27', 'Girls Hostel, G-212'),
  ('20X51A0504', 'D. Sai Teja', 'CSE', 'CSE III A', 'VI Semester', '2005-02-10', 'Male', 'AB+', '9876543213', 'saiteja.cse@gprec.ac.in', 'Adoni, Andhra Pradesh', 'EAMCET', '2026-27', 'Day scholar'),
  ('20X51A0505', 'K. Praveena', 'CSE', 'CSE III A', 'VI Semester', '2005-09-04', 'Female', 'O-', '9876543214', 'praveena.cse@gprec.ac.in', 'Yemmiganur, Andhra Pradesh', 'EAMCET', '2026-27', 'Girls Hostel, G-310'),
  ('20X51A0506', 'M. Vamsi Krishna', 'CSE', 'CSE III A', 'VI Semester', '2005-01-29', 'Male', 'A-', '9876543215', 'vamsi.cse@gprec.ac.in', 'Kurnool, Andhra Pradesh', 'Management', '2026-27', 'Boys Hostel, B-118'),
  ('20X51A0551', 'A. Rohit Reddy', 'CSE', 'CSE III B', 'VI Semester', '2005-07-18', 'Male', 'B-', '9876543216', 'rohit.cse@gprec.ac.in', 'Dhone, Andhra Pradesh', 'EAMCET', '2026-27', 'Day scholar'),
  ('20X51A0552', 'B. Divya Sri', 'CSE', 'CSE III B', 'VI Semester', '2005-10-22', 'Female', 'O+', '9876543217', 'divya.cse@gprec.ac.in', 'Kurnool, Andhra Pradesh', 'EAMCET', '2026-27', 'Girls Hostel, G-118'),
  ('20X51A0553', 'CH. Manoj Kumar', 'CSE', 'CSE III B', 'VI Semester', '2005-03-08', 'Male', 'A+', '9876543218', 'manoj.cse@gprec.ac.in', 'Nandikotkur, Andhra Pradesh', 'EAMCET', '2026-27', 'Boys Hostel, B-220'),
  ('20X51A0554', 'D. Lakshmi Priya', 'CSE', 'CSE III B', 'VI Semester', '2005-12-17', 'Female', 'B+', '9876543219', 'lakshmipriya.cse@gprec.ac.in', 'Kurnool, Andhra Pradesh', 'EAMCET', '2026-27', 'Day scholar')
ON CONFLICT (roll_no) DO UPDATE SET
  full_name = EXCLUDED.full_name,
  class_name = EXCLUDED.class_name,
  semester = EXCLUDED.semester,
  mobile = EXCLUDED.mobile,
  email = EXCLUDED.email,
  hostel_status = EXCLUDED.hostel_status;

UPDATE students
SET profile_photo_url = 'data:image/svg+xml;utf8,<svg xmlns="http://www.w3.org/2000/svg" width="240" height="240"><rect width="100%" height="100%" fill="%23ff8100"/><text x="50%" y="54%" font-size="86" text-anchor="middle" dominant-baseline="middle" fill="white" font-family="Arial, sans-serif">SC</text></svg>'
WHERE roll_no = '20X51A0501';

UPDATE students SET ssc_school = 'Sri Chaitanya High School, Kurnool', ssc_board_year = 'BSEAP | 2020', ssc_gpa = '9.8 / 10', inter_college = 'Sri Chaitanya Junior College, Kurnool', inter_board_year = 'BIEAP | 2022', inter_percentage = '96.5%' WHERE roll_no = '20X51A0501';

UPDATE students SET admission_scheme = '13' WHERE roll_no = '20X51A0501';
UPDATE students SET ssc_school = 'Narayana High School, Nandyal', ssc_board_year = 'BSEAP | 2020', ssc_gpa = '9.2 / 10', inter_college = 'Narayana Junior College, Nandyal', inter_board_year = 'BIEAP | 2022', inter_percentage = '92.3%' WHERE roll_no = '20X51A0502';
UPDATE students SET ssc_school = 'Bhashyam High School, Kurnool', ssc_board_year = 'BSEAP | 2020', ssc_gpa = '9.6 / 10', inter_college = 'Bhashyam Junior College, Kurnool', inter_board_year = 'BIEAP | 2022', inter_percentage = '94.8%' WHERE roll_no = '20X51A0503';
UPDATE students SET ssc_school = 'Sri Chaitanya High School, Nandyal', ssc_board_year = 'BSEAP | 2020', ssc_gpa = '8.9 / 10', inter_college = 'Sri Chaitanya Junior College, Nandyal', inter_board_year = 'BIEAP | 2022', inter_percentage = '89.6%' WHERE roll_no = '20X51A0504';
UPDATE students SET ssc_school = 'Ravindra Bharathi School, Kurnool', ssc_board_year = 'BSEAP | 2020', ssc_gpa = '9.7 / 10', inter_college = 'Narayana Junior College, Kurnool', inter_board_year = 'BIEAP | 2022', inter_percentage = '95.4%' WHERE roll_no = '20X51A0505';
UPDATE students SET ssc_school = 'Bhashyam High School, Nandyal', ssc_board_year = 'BSEAP | 2020', ssc_gpa = '9.0 / 10', inter_college = 'Sri Chaitanya Junior College, Kurnool', inter_board_year = 'BIEAP | 2022', inter_percentage = '90.1%' WHERE roll_no = '20X51A0506';
UPDATE students SET ssc_school = 'Narayana High School, Kurnool', ssc_board_year = 'BSEAP | 2020', ssc_gpa = '9.4 / 10', inter_college = 'Narayana Junior College, Kurnool', inter_board_year = 'BIEAP | 2022', inter_percentage = '93.2%' WHERE roll_no = '20X51A0551';
UPDATE students SET ssc_school = 'Sri Chaitanya High School, Kurnool', ssc_board_year = 'BSEAP | 2020', ssc_gpa = '9.1 / 10', inter_college = 'Bhashyam Junior College, Kurnool', inter_board_year = 'BIEAP | 2022', inter_percentage = '91.7%' WHERE roll_no = '20X51A0552';
UPDATE students SET ssc_school = 'Ravindra Bharathi School, Nandyal', ssc_board_year = 'BSEAP | 2020', ssc_gpa = '8.8 / 10', inter_college = 'Sri Chaitanya Junior College, Nandyal', inter_board_year = 'BIEAP | 2022', inter_percentage = '88.9%' WHERE roll_no = '20X51A0553';
UPDATE students SET ssc_school = 'Bhashyam High School, Kurnool', ssc_board_year = 'BSEAP | 2020', ssc_gpa = '9.5 / 10', inter_college = 'Narayana Junior College, Nandyal', inter_board_year = 'BIEAP | 2022', inter_percentage = '94.0%' WHERE roll_no = '20X51A0554';

INSERT INTO guardians (student_roll_no, father_name, mother_name, guardian_mobile, guardian_email) VALUES
  ('20X51A0501', 'L. Sudhakar', 'K. Syamala', '9876500000', 'parent.saichandan@gprec.ac.in'),
  ('20X51A0502', 'B. Srinivas', 'B. Padma', '9876500001', 'parent.naveen@gprec.ac.in'),
  ('20X51A0503', 'CH. Prasad', 'CH. Lakshmi', '9876500002', 'parent.ramya@gprec.ac.in'),
  ('20X51A0504', 'D. Narayana', 'D. Sunitha', '9876500003', 'parent.saiteja@gprec.ac.in'),
  ('20X51A0505', 'K. Gopal', 'K. Rani', '9876500004', 'parent.praveena@gprec.ac.in'),
  ('20X51A0506', 'M. Srinivasulu', 'M. Padmavathi', '9876500005', 'parent.vamsi@gprec.ac.in'),
  ('20X51A0551', 'A. Narasimha Reddy', 'A. Sujatha', '9876500006', 'parent.rohit@gprec.ac.in'),
  ('20X51A0552', 'B. Krishna Murthy', 'B. Sridevi', '9876500007', 'parent.divya@gprec.ac.in'),
  ('20X51A0553', 'CH. Sekhar', 'CH. Kavitha', '9876500008', 'parent.manoj@gprec.ac.in'),
  ('20X51A0554', 'D. Raghavendra', 'D. Madhavi', '9876500009', 'parent.lakshmipriya@gprec.ac.in');

INSERT INTO notices (title, body, audience, published_by, published_on) VALUES
  ('Supply Exams Notification', 'B.Tech I Semester supplementary examinations are notified.', 'Students', 'Examination Cell', '2026-07-01'),
  ('College Circular', 'Circular No. GPREC/Admn./2026 dated 05-06-2026 is published.', 'All', 'Principal Office', '2026-06-05'),
  ('Library Update', 'Digital library access renewal is open for current semester students.', 'Students', 'Library Office', '2026-07-03');

INSERT INTO fee_dues (student_roll_no, fee_type, amount, due_date, status) VALUES
  ('20X51A0501', 'Semester Tuition Fee', 42000.00, '2026-07-31', 'Pending'),
  ('20X51A0503', 'Hostel Fee', 18000.00, '2026-07-20', 'Pending'),
  ('20X51A0506', 'Library Fine', 120.00, '2026-07-15', 'Pending');

INSERT INTO exam_schedules (department_code, subject_code, subject_name, exam_date, exam_time, roll_from, roll_to, room, start_seat, location) VALUES
  ('CSE', 'DBMS', 'Database Management Systems', '2026-07-10', '10:00 AM - 1:00 PM', '20X51A0501', '20X51A0520', 'C3', 142, 'C Block, Examination Hall 3'),
  ('CSE', 'OS', 'Operating Systems', '2026-07-12', '10:00 AM - 1:00 PM', '20X51A0501', '20X51A0520', 'C3', 142, 'C Block, Examination Hall 3'),
  ('CSE', 'CN', 'Computer Networks', '2026-07-14', '10:00 AM - 1:00 PM', '20X51A0501', '20X51A0520', 'C3', 142, 'C Block, Examination Hall 3');

INSERT INTO hostel_allocations (student_roll_no, hostel_name, block_name, room_no, bed_no, mess_plan) VALUES
  ('20X51A0501', 'Boys Hostel', 'B Block', 'B-204', '1', 'Regular plan'),
  ('20X51A0503', 'Girls Hostel', 'G Block', 'G-212', '2', 'Regular plan'),
  ('20X51A0505', 'Girls Hostel', 'G Block', 'G-310', '1', 'Regular plan'),
  ('20X51A0506', 'Boys Hostel', 'B Block', 'B-118', '3', 'Regular plan'),
  ('20X51A0553', 'Boys Hostel', 'B Block', 'B-220', '2', 'Regular plan')
ON CONFLICT (student_roll_no) DO NOTHING;

-- Real routes from gprec.ac.in/campus-life/transportation/ - that page's overview text says
-- "6 buses" run, but only lists 4 named routes; only what's documented is seeded here, no
-- bus_number/driver_name (buses table) since those aren't published and would be fabricated.
INSERT INTO bus_routes (route_name, stops) VALUES
  ('Route 1 - Bellary Chowrasta', 'B. Chowrasta, Sasya Motors, Chenamma Circle, Krishna Nagar, Abbas Nagar, Register Office, Gooty Pet. Bunk, Birla Gate, College'),
  ('Route 2 - Pump House', 'HP Petrol Bunk (VR Colony), Road No. 4, BP Petrol Bunk, Pump House, Sitaram Nagar, Indira Gandhi Nagar, Market Yard, Bangar Peta, College'),
  ('Route 3 - Old Bus-Stand', 'Head Post Office, Control Room, Kids World, Rajvihar, Medical College, Collectorate, Deva Nagar, M.S. Nagar, College'),
  ('Route 4 - N.R. Peta', 'N.R. Peta, Apollo, SBI-Main Branch, RS-Road, C-Camp, Shakuntala Kala Mandir, Amma Hospital, College');

INSERT INTO complaints (student_roll_no, category, subject, description, status) VALUES
  ('20X51A0501', 'Hostel', 'Fan repair', 'Ceiling fan in the room is not working.', 'Pending'),
  ('20X51A0505', 'Hostel', 'Water supply', 'Low water pressure in the washroom.', 'Pending');

INSERT INTO library_books (barcode, title, author, department_code) VALUES
  ('LIB-CSE-0001', 'Database System Concepts', 'Abraham Silberschatz', 'CSE'),
  ('LIB-CSE-0002', 'Operating System Concepts', 'Abraham Silberschatz', 'CSE'),
  ('LIB-CSE-0003', 'Computer Networks', 'Andrew S. Tanenbaum', 'CSE')
ON CONFLICT (barcode) DO NOTHING;

INSERT INTO library_issues (barcode, student_roll_no, issued_on, due_on, status) VALUES
  ('LIB-CSE-0001', '20X51A0501', '2026-07-01', '2026-07-15', 'Issued'),
  ('LIB-CSE-0002', '20X51A0503', '2026-07-02', '2026-07-16', 'Issued');

INSERT INTO placement_drives (company, role_title, ctc, drive_date, min_cgpa, max_backlogs, eligible_departments) VALUES
  ('TCS', 'Assistant System Engineer', '3.6 LPA', '2026-07-20', 6.00, 0, ARRAY['CSE','ECE','EEE','ME','CE']),
  ('Infosys', 'Systems Engineer', '4.0 LPA', '2026-07-22', 7.00, 0, ARRAY['CSE','ECE','EEE']),
  ('Wipro', 'Project Engineer', '3.8 LPA', '2026-07-25', 6.50, 1, ARRAY['CSE','ECE','EEE','ME','CE']);

WITH inserted_assignment AS (
  INSERT INTO assignments (department_code, subject_code, title, description, due_at, created_by)
  VALUES ('CSE', 'DBMS', 'Normalization Worksheet', 'Complete 1NF, 2NF, and 3NF conversion for the given case study.', '2026-07-08 16:00:00+05:30', 'Dr. K. Ramesh')
  RETURNING id
)
INSERT INTO assignment_submissions (assignment_id, student_roll_no, submitted_at, comments)
SELECT id, '20X51A0501', '2026-07-04 18:45:00+05:30', 'Submitted normalization worksheet with candidate keys.'
FROM inserted_assignment;

INSERT INTO assignments (department_code, subject_code, title, description, due_at, created_by) VALUES
  ('CSE', 'OS', 'CPU Scheduling Problems', 'Solve FCFS, SJF, Priority, and Round Robin scheduling problems.', '2026-07-08 16:00:00+05:30', 'Dr. P. Anitha');

INSERT INTO curriculum (department_code, subject_code, subject_name, semester, credits, subject_type) VALUES
  ('CSE', 'DBMS', 'Database Management Systems', 'VI', '4', 'Theory'),
  ('CSE', 'OS', 'Operating Systems', 'VI', '4', 'Theory'),
  ('CSE', 'CN', 'Computer Networks', 'VI', '3', 'Theory'),
  ('CSE', 'SE', 'Software Engineering', 'VI', '3', 'Theory'),
  ('CSE', 'DBMS-L', 'DBMS Lab', 'VI', '2', 'Lab'),
  ('CSE', 'CN-L', 'Computer Networks Lab', 'VI', '2', 'Lab'),
  -- Semesters I-IV, seeded so the demo student (20X51A0501, who has grades on file for I-I
  -- through II-II) has real curriculum records for the "Credits Earned" metric to compute from.
  ('CSE', 'EM1', 'Engineering Mathematics-I', 'I', '4', 'Theory'),
  ('CSE', 'ENG', 'Communicative English', 'I', '2', 'Theory'),
  ('CSE', 'PHY', 'Engineering Physics', 'I', '3', 'Theory'),
  ('CSE', 'PPS', 'Programming for Problem Solving', 'I', '3', 'Theory'),
  ('CSE', 'CHEM', 'Engineering Chemistry', 'I', '3', 'Theory'),
  ('CSE', 'PHY-L', 'Physics Lab', 'I', '1', 'Lab'),
  ('CSE', 'PPS-L', 'Programming Lab', 'I', '1', 'Lab'),
  ('CSE', 'EM2', 'Engineering Mathematics-II', 'II', '4', 'Theory'),
  ('CSE', 'EG', 'Engineering Graphics', 'II', '2', 'Theory'),
  ('CSE', 'BEE', 'Basic Electrical Engineering', 'II', '3', 'Theory'),
  ('CSE', 'ENVS', 'Environmental Science', 'II', '2', 'Theory'),
  ('CSE', 'EEE-L', 'Electrical Workshop', 'II', '1', 'Lab'),
  ('CSE', 'CP-L', 'C Programming Lab', 'II', '1', 'Lab'),
  ('CSE', 'WS', 'Engineering Workshop', 'II', '1', 'Lab'),
  ('CSE', 'DS', 'Data Structures', 'III', '4', 'Theory'),
  ('CSE', 'DM', 'Discrete Mathematics', 'III', '3', 'Theory'),
  ('CSE', 'DE', 'Digital Electronics', 'III', '3', 'Theory'),
  ('CSE', 'OOP', 'Object Oriented Programming', 'III', '3', 'Theory'),
  ('CSE', 'DS-L', 'Data Structures Lab', 'III', '2', 'Lab'),
  ('CSE', 'OOP-L', 'OOP Lab', 'III', '2', 'Lab'),
  ('CSE', 'COA', 'Computer Organization and Architecture', 'IV', '4', 'Theory'),
  ('CSE', 'DAA', 'Design and Analysis of Algorithms', 'IV', '3', 'Theory'),
  ('CSE', 'FLAT', 'Formal Languages and Automata Theory', 'IV', '3', 'Theory'),
  ('CSE', 'PY', 'Python Programming', 'IV', '3', 'Theory'),
  ('CSE', 'DAA-L', 'DAA Lab', 'IV', '2', 'Lab'),
  ('CSE', 'PY-L', 'Python Lab', 'IV', '2', 'Lab')
ON CONFLICT (department_code, subject_code) DO NOTHING;

INSERT INTO class_timetable (department_code, section, day_of_week, time_slot, subject_code, subject_name, faculty_email) VALUES
  ('CSE', 'CSE III-A', 'Monday', '9:30 AM - 10:20 AM', 'DBMS', 'Database Management Systems', 'ramesh.cse@gprec.ac.in'),
  ('CSE', 'CSE III-A', 'Tuesday', '9:30 AM - 10:20 AM', 'CN', 'Computer Networks', 'anitha.cse@gprec.ac.in'),
  ('CSE', 'CSE III-A', 'Tuesday', '10:30 AM - 11:20 AM', 'OS', 'Operating Systems', 'anitha.cse@gprec.ac.in'),
  ('CSE', 'CSE III-A', 'Tuesday', '1:30 PM - 3:20 PM', 'DBMS-L', 'DBMS Lab', 'ramesh.cse@gprec.ac.in'),
  ('CSE', 'CSE III-A', 'Wednesday', '9:30 AM - 10:20 AM', 'SE', 'Software Engineering', 'ramesh.cse@gprec.ac.in'),
  ('CSE', 'CSE III-A', 'Thursday', '9:30 AM - 10:20 AM', 'DBMS', 'Database Management Systems', 'ramesh.cse@gprec.ac.in'),
  ('CSE', 'CSE III-A', 'Friday', '9:30 AM - 10:20 AM', 'OS', 'Operating Systems', 'anitha.cse@gprec.ac.in')
ON CONFLICT (department_code, section, day_of_week, time_slot) DO NOTHING;

INSERT INTO student_grades (student_roll_no, term, gpa, backlogs) VALUES
  ('20X51A0501', 'I - I', '8.32', 'NIL'),
  ('20X51A0501', 'I - II', '8.58', 'NIL'),
  ('20X51A0501', 'II - I', '8.72', 'NIL'),
  ('20X51A0501', 'II - II', '8.93', 'NIL')
ON CONFLICT (student_roll_no, term) DO NOTHING;

-- Public site content (hero slides, galleries, admissions/fees/scholarships text, alumni
-- funding/events, career listings, student voices, R&D section rows) - one row per content_key,
-- matching what was previously hardcoded per-page in script.js.
INSERT INTO site_content (content_key, content_value) VALUES
  ('homeHeroSlides', $json$[{"id":"hero-1","photoDataUrl":"https://www.gprec.ac.in/wp-content/uploads/2019/07/gprec-banner1.jpg","alt":"GPREC campus main building"},{"id":"hero-2","photoDataUrl":"https://www.gprec.ac.in/wp-content/uploads/2019/08/orange-1.jpg","alt":"GPREC campus view"},{"id":"hero-3","photoDataUrl":"https://www.gprec.ac.in/wp-content/uploads/2019/07/gprec-banner3.jpg","alt":"GPREC facilities"},{"id":"hero-4","photoDataUrl":"https://www.gprec.ac.in/wp-content/uploads/2019/07/gprec-banner4.jpg","alt":"GPREC college campus"}]$json$::jsonb),
  ('aboutHistorySlides', $json$[]$json$::jsonb),
  ('campusLifeSlides', $json$[{"id":"cl-1","title":"Academic Amenities","description":"Library and academic support facilities for students.","photoDataUrl":"https://www.gprec.ac.in/wp-content/uploads/2019/04/library.jpg","link":"https://www.gprec.ac.in/campus-life/libraries/"},{"id":"cl-2","title":"Student Clubs","description":"Student clubs, cells, activities, and forums.","photoDataUrl":"https://www.gprec.ac.in/wp-content/uploads/2019/04/womencell.jpg","link":"http://womencell.gprec.ac.in/"},{"id":"cl-3","title":"Hostels","description":"Residential facilities and student accommodation.","photoDataUrl":"https://www.gprec.ac.in/wp-content/uploads/2019/04/hostels.jpg","link":"https://www.gprec.ac.in/campus-life/hostels/"},{"id":"cl-4","title":"Sports and Games","description":"Sports facilities for games, recreation, and fitness.","photoDataUrl":"https://www.gprec.ac.in/wp-content/uploads/2019/07/sports.jpg","link":"https://www.gprec.ac.in/campus-life/sports-facilities/"}]$json$::jsonb),
  ('videoGallery', $json$[{"id":"vid-1","title":"Song of Celebration","url":"https://www.youtube.com/watch?v=OrU0QODfoe4"},{"id":"vid-2","title":"Mechanical Farewell (2015-2019)","url":"https://www.youtube.com/watch?v=UUCKZcdpFWc"},{"id":"vid-3","title":"College Animated Video","url":"https://www.youtube.com/watch?v=NYneXJyQ4Do"},{"id":"vid-4","title":"Civil Department Animated Video Tour","url":"https://www.youtube.com/watch?v=A3Qaf5ohX_M"}]$json$::jsonb),
  ('photoGallery', $json$[{"id":"photo-1","caption":"Academic Amenities","photoDataUrl":"https://www.gprec.ac.in/wp-content/uploads/2019/04/library.jpg"},{"id":"photo-2","caption":"Student Clubs","photoDataUrl":"https://www.gprec.ac.in/wp-content/uploads/2019/04/womencell.jpg"},{"id":"photo-3","caption":"Hostels","photoDataUrl":"https://www.gprec.ac.in/wp-content/uploads/2019/04/hostels.jpg"},{"id":"photo-4","caption":"Sports and Games","photoDataUrl":"https://www.gprec.ac.in/wp-content/uploads/2019/07/sports.jpg"},{"id":"photo-5","caption":"Campus","photoDataUrl":"https://www.gprec.ac.in/wp-content/uploads/2019/07/gprec-banner3.jpg"},{"id":"photo-6","caption":"Campus View","photoDataUrl":"https://www.gprec.ac.in/wp-content/uploads/2019/07/gprec-banner4.jpg"}]$json$::jsonb),
  ('academicCourses', $json$[{"id":"course-1","level":"UG","code":"CIV","name":"Civil Engineering","tagline":"Structures and infrastructure","link":"department-civ.html"},{"id":"course-2","level":"UG","code":"CSB","name":"Computer Science and Business Systems","tagline":"Technology and business","link":"department-csb.html"},{"id":"course-3","level":"UG","code":"CSE","name":"Computer Science and Engineering","tagline":"Software and computing","link":"department-cse.html"},{"id":"course-4","level":"UG","code":"CST","name":"Computer Science and Technology","tagline":"Modern computing","link":"department-cst.html"},{"id":"course-5","level":"UG","code":"CSM","name":"CSE (Artificial Intelligence & Machine Learning)","tagline":"AI systems","link":"department-csm.html"},{"id":"course-6","level":"UG","code":"CSD","name":"CSE (Data Science)","tagline":"Data and analytics","link":"department-csd.html"},{"id":"course-7","level":"UG","code":"EEE","name":"Electrical and Electronics Engineering","tagline":"Power and circuits","link":"department-eee.html"},{"id":"course-8","level":"UG","code":"ECE","name":"Electronics and Communication Engineering","tagline":"Signals and systems","link":"department-ece.html"},{"id":"course-9","level":"UG","code":"MEC","name":"Mechanical Engineering","tagline":"Design and manufacturing","link":"department-mec.html"},{"id":"course-10","level":"PG","code":"CSE","name":"Computer Science and Engineering","tagline":"Advanced computing and research","link":"department-cse.html"},{"id":"course-11","level":"PG","code":"SE","name":"Structural Engineering","tagline":"Advanced structural analysis and design","link":"department-civ.html"},{"id":"course-12","level":"PG","code":"VLSI","name":"VLSI","tagline":"Chip design and embedded systems","link":"department-ece.html"}]$json$::jsonb),
  ('placementLogos', $json$[{"id":"logo-1","name":"KIA Motors","logoDataUrl":"https://www.gprec.ac.in/wp-content/uploads/2019/07/kia.jpg"},{"id":"logo-2","name":"TCS","logoDataUrl":"https://www.gprec.ac.in/wp-content/uploads/2019/07/tata.jpg"},{"id":"logo-3","name":"EZE Software","logoDataUrl":"https://www.gprec.ac.in/wp-content/uploads/2019/07/eze.jpg"},{"id":"logo-4","name":"GGK Technologies","logoDataUrl":"https://www.gprec.ac.in/wp-content/uploads/2019/07/ggk.jpg"},{"id":"logo-5","name":"Hyundai","logoDataUrl":"https://www.gprec.ac.in/wp-content/uploads/2019/04/hyundai.png"},{"id":"logo-6","name":"Wipro","logoDataUrl":"https://www.gprec.ac.in/wp-content/uploads/2019/04/wipro.jpg"},{"id":"logo-7","name":"Infosys","logoDataUrl":"https://www.gprec.ac.in/wp-content/uploads/2019/04/Infosys.png"},{"id":"logo-8","name":"IBM","logoDataUrl":"https://www.gprec.ac.in/wp-content/uploads/2019/04/ibm.png"},{"id":"logo-9","name":"Cognizant","logoDataUrl":"https://www.gprec.ac.in/wp-content/uploads/2019/04/cog.png"}]$json$::jsonb),
  ('affiliations', $json$[{"id":"aff-1","name":"Virtual Labs","logoDataUrl":"https://www.gprec.ac.in/wp-content/uploads/2024/02/virtual-labs.jpeg"},{"id":"aff-2","name":"Azadi Ka Amrit Mahotsav","logoDataUrl":"https://www.gprec.ac.in/wp-content/uploads/2021/10/Azadika-Amrit.jpg"},{"id":"aff-3","name":"NIRF","logoDataUrl":"https://www.gprec.ac.in/wp-content/uploads/2018/03/NIRF.png"},{"id":"aff-4","name":"NAAC","logoDataUrl":"https://www.gprec.ac.in/wp-content/uploads/2018/03/naac.jpeg"},{"id":"aff-5","name":"IUCEE","logoDataUrl":"https://www.gprec.ac.in/wp-content/uploads/2018/03/iucee-1.jpg"},{"id":"aff-6","name":"GPREC affiliation logo","logoDataUrl":"https://www.gprec.ac.in/wp-content/uploads/2018/03/20040818-300x168.jpeg"},{"id":"aff-7","name":"NBA","logoDataUrl":"https://www.gprec.ac.in/wp-content/uploads/2018/03/nba.jpg"},{"id":"aff-8","name":"Skill Council for Green Jobs","logoDataUrl":"https://www.gprec.ac.in/wp-content/uploads/2017/08/4-1.png"}]$json$::jsonb),
  ('socialLinks', $json${"facebook":"https://www.facebook.com/gprec.ac.in","x":"https://x.com/search?q=GPREC%20Kurnool","linkedin":"https://www.linkedin.com/school/g-pulla-reddy-engineering-college/","youtube":"https://www.youtube.com/@gpreckurnool","whatsapp":"https://wa.me/918518270957"}$json$::jsonb),
  ('footerContactInfo', $json${"address":"G Pulla Reddy Nagar, Nandyal Road, Kurnool - 518 007, AP, India.","phone":"08518-270957 (O) / 08518-280719 (D)","email":"info@gprec.ac.in"}$json$::jsonb),
  ('contactPageInfo', $json${"address":"PRINCIPAL, G.Pulla Reddy Engineering College (Autonomous)\nG.Pulla Reddy Nagar, Nandyal Road, Kurnool - 518 007, AP, India.","phone":"08518-270957 (O) / 08518-271017 (O)","fax":"08518-270957","email1":"principal@gprec.ac.in","email2":"principalgprec@gmail.com","howToReach":"On NH-7 (Hyderabad-Bangalore Highway); ~3 hrs from Hyderabad, ~5 hrs from Bangalore, ~10 hrs from Chennai. About 8-10 km from Kurnool bus stand / railway station, on Nandyal Road.","departments":[{"office":"Education & Certificate Verification","email":"info@gprec.ac.in","phone":"08518-270957"},{"office":"Admissions","email":"admissions@gprec.ac.in","phone":"9493458458 (Dr. V. Raghavendra Prasad)"},{"office":"Exam Section","email":"coe@gprec.ac.in","phone":"9705262830 (Sri A. Thammi Reddy)"},{"office":"Placement Cell","email":"tpo@gprec.ac.in","phone":"08518-271054 (Office)"}]}$json$::jsonb),
  ('departmentsList', $json$[{"id":1,"code":"CIV","name":"Civil Engineering (CIV)","about":"The Civil Engineering Department was established in 1984-85 as one of the college's three original departments, with an initial intake of 60 students per batch, now increased to 120. The department has regularly revised its curriculum to incorporate modern topics including AutoCAD, STAAD, Remote Sensing, and GIS.","vision":"To make the Civil Engineering Department at G. Pulla Reddy Engineering College (Autonomous), Kurnool, a leader in the education of practice-oriented Civil Engineers that benefit industry and society.","mission":["Prepare students for Civil Engineering careers through technical knowledge and effective teaching-learning processes.","Produce quality engineers capable of meeting professional demands by focusing on the latest practices.","Inculcate leadership, research capabilities, ethical values, and work culture for societal betterment."],"peos":["Apply a broad, fundamental-based knowledge, and technical skills required for achieving professional success.","Conduct design work in Civil Engineering using software tools while considering economic and environmental factors.","Follow the professional ethics in the practice of the profession showing concern for social responsibilities.","Pursue a professional career aimed at effective management of resources and focus on lifelong learning and research."],"pos":["Engineering knowledge application","Problem analysis","Design/development of solutions","Investigations of complex problems","Modern tool usage","Engineer and society responsibilities","Environment and sustainability","Ethics","Individual and team work","Communication","Project management and finance","Life-long learning"],"psos":["Plan, analyze and design the components of Engineering structures and transportation systems and estimate the cost of construction.","Design and execute the construction of water resources projects and water distribution systems, using Engineering investigations and surveys.","Implement established procedures for laboratory and field investigations on soils and materials ensuring quality execution.","Demonstrate professional ethics and implement the project management principles including project finance, leading to execution of projects."],"programs":[{"name":"B.Tech (Civil Engineering)","intake":"120"},{"name":"M.Tech (Structural Engineering)","intake":"12"},{"name":"Full-time Ph.D","intake":"-"}],"boardOfStudies":[{"position":"Chairman / HOD (Internal)","name":"Dr. K. Chinnapa Reddy","affiliation":"GPREC"},{"position":"Internal","name":"Dr. B.J.S. Vara Prasad","affiliation":"GPREC"},{"position":"Internal","name":"Dr. K.V.S. Gopala Krishna Sastry","affiliation":"GPREC"},{"position":"Internal","name":"Dr. T. Chandrasekhara Reddy","affiliation":"GPREC"},{"position":"Internal","name":"Dr. E. Sanjeeva Rayudu","affiliation":"GPREC"},{"position":"Internal","name":"Dr. T. Sowjanya","affiliation":"GPREC"},{"position":"External (JNTUA)","name":"Dr. M. Srimurali","affiliation":"S.V. University"},{"position":"External (Academic)","name":"Dr. G.L. Siva Kumar Babu","affiliation":"IISc Bangalore (Retired)"},{"position":"External (Academic)","name":"Dr. D. Ravi Prasad","affiliation":"NIT Warangal"},{"position":"Industry","name":"Dr. Gurunath Guduru","affiliation":"Sekura India Management Limited"},{"position":"Alumnus","name":"Sri. Varun Paerakam","affiliation":"CGI Information Systems"}],"studentActivities":["Seminars and activities under the IEI students' chapter.","Technical visits to engineering projects and construction sites.","Participation in technical symposiums and paper/poster presentations.","Guest lectures and demonstrations from academicians and field experts.","Skill development programs for communication abilities.","Industry expert interactions through meetings and presentations.","Participation in cultural, service, and literary forum events.","Physical fitness activities and sports competitions.","Student internships for practical civil engineering exposure."],"facilities":["Material Testing Laboratory","Concrete Technology Laboratory","Geotechnical Engineering Laboratory","Transportation Engineering Laboratory","Fluid Mechanics and Hydraulic Machinery Laboratory","Surveying Laboratory","Engineering Geology Laboratory","Environmental Engineering Laboratory","Civil Computer Laboratory","Structural Engineering Laboratory","Project Work Lab","Research Lab"],"library":[{"item":"Text / Reference Books","quantity":"402"},{"item":"IS Codes & IRC Codes","quantity":"633"},{"item":"Project Work Reports","quantity":"221"},{"item":"Mini Project Work Reports","quantity":"16"},{"item":"CBTs","quantity":"6"}],"departmentAchievements":[{"event":"Study Tour - ATAL Tunnel under AICTE YUVAK Scheme","dates":"17-21 Nov 2021"},{"event":"International Conference on Generic/Pedagogical Research in Civil Engineering","dates":"10-11 Nov 2023"},{"event":"Faculty Development Program on Outcome Based Education","dates":"29 Jul - 2 Aug 2024"},{"event":"Working Model of Major Hydraulic Structures (Ruby Jubilee)","dates":"Feb 2025"},{"event":"Five-Day Workshop on Advanced Technologies in Civil Engineering","dates":"8-12 Dec 2025"}],"studentAchievementsNote":"Multiple students have qualified GATE each year from 2021-22 through 2024-25.","ltScholarship":[{"year":"2018-19","roll":"159X1A0114","name":"C. Raghavendra Reddy","institution":"NIT Trichy"},{"year":"2020-21","roll":"179X1A0176","name":"S. Mustafa Sammer Hasan","institution":"IIT Madras"},{"year":"2022-23","roll":"209X5A01C9","name":"S. Pavan Kumar Reddy","institution":"IIT Madras"},{"year":"2023-24","roll":"209X1A0117","name":"A. Siva Charan Reddy","institution":"IIT Madras"}],"gallery":[{"url":"https://www.gprec.ac.in/wp-content/uploads/2019/07/1b.jpg","caption":"Department activity"},{"url":"https://www.gprec.ac.in/wp-content/uploads/2019/07/2b.jpg","caption":"Department activity"},{"url":"https://www.gprec.ac.in/wp-content/uploads/2019/07/3b.jpg","caption":"Department activity"},{"url":"https://www.gprec.ac.in/wp-content/uploads/2019/07/4b.jpg","caption":"Department activity"},{"url":"https://www.gprec.ac.in/wp-content/uploads/2019/07/5b.jpg","caption":"Department activity"},{"url":"https://www.gprec.ac.in/wp-content/uploads/2019/07/6b.jpg","caption":"Department activity"},{"url":"https://www.gprec.ac.in/wp-content/uploads/2019/07/7b.jpg","caption":"Department activity"},{"url":"https://www.gprec.ac.in/wp-content/uploads/2019/07/8b.jpg","caption":"Department activity"},{"url":"https://www.gprec.ac.in/wp-content/uploads/2026/03/Civil-Srisialam-Trip.jpg","caption":"Civil Srisailam Trip"},{"url":"https://www.gprec.ac.in/wp-content/uploads/2026/03/DGPS-Workshop.jpg","caption":"DGPS Workshop"},{"url":"https://www.gprec.ac.in/wp-content/uploads/2026/03/International-Conference.jpg","caption":"International Conference"},{"url":"https://www.gprec.ac.in/wp-content/uploads/2026/03/5-Days-FDP-OBE.jpg","caption":"5-Day FDP on OBE"},{"url":"https://www.gprec.ac.in/wp-content/uploads/2026/03/Technical-Tour-TungaBadraDam.jpg","caption":"Technical Tour - Tungabhadra Dam"},{"url":"https://www.gprec.ac.in/wp-content/uploads/2026/03/Industrial-Visit-Indraprastha-Housing-Project.jpg","caption":"Industrial Visit - Indraprastha Housing Project"},{"url":"https://www.gprec.ac.in/wp-content/uploads/2026/03/5-Days-Workshop-Advanced-CivilTechnologies.jpg","caption":"5-Day Workshop on Advanced Civil Technologies"}]},{"id":2,"code":"EEE","name":"Electrical and Electronics Engineering (EEE)","about":"Established in 1994 with an initial intake of 60 students (since expanded to 120), the department offers B.Tech, an M.Tech in Automation and Robotics (12 intake), and full-time Ph.D. programmes, supported by 29 faculty members including 17 Ph.D. holders. It operates 13 specialized laboratories including Power Electronics, Drives Control, LabVIEW Academy, and Robotics facilities. The department holds six NBA accreditations, JNTUA research centre recognition, and partnerships with National Instruments and Texas Instruments.","vision":"Transform individuals into globally competent electrical and electronics engineers to realize technological needs of society and develop the department into an ideal education and research center.","mission":["Impart high quality education and enhance students' skills to meet present needs by introducing concurrent trends in curriculum.","Share and disseminate expertise for use in solving problems faced by Electrical & Electronics Engineers and society.","Mould students into responsible citizens with social, ethical and environmental awareness."],"peos":["Apply fundamental knowledge in EEE in industry, academic, and government sectors.","Contribute as educated, ethical, responsible citizens with proven expertise.","Work as grounded professionals individually or as team leaders.","Act with global, societal, and ecological awareness as engineering professionals."],"pos":["Engineering knowledge application","Problem analysis using first principles","Design/development of solutions","Conduct investigations of complex problems","Modern tool usage","Engineer and society considerations","Environment and sustainability","Ethics application","Individual and team work","Communication effectiveness","Project management and finance","Life-long learning recognition"],"psos":["Specify, architect and analyze power systems that efficiently generate, transmit and distribute electrical power in the context of ICT.","Analyze, design and test the performance of modern electrical machines, drive systems and modern lighting systems.","Specify, design, implement and test analog and embedded systems using state-of-the-art components and software."],"programs":[{"name":"B.Tech (Electrical and Electronics Engineering)","intake":"120"},{"name":"M.Tech (Automation and Robotics)","intake":"12"},{"name":"Full-time Ph.D","intake":"-"}],"boardOfStudies":[{"position":"Chairman / HOD (Internal)","name":"Dr. G. Kishor","affiliation":"GPREC"},{"position":"Internal","name":"Dr. T. Bramhananda Reddy","affiliation":"GPREC"},{"position":"Internal","name":"Dr. Y.V. Siva Reddy","affiliation":"GPREC"},{"position":"Internal","name":"Dr. K. Sri Gowri","affiliation":"GPREC"},{"position":"Internal","name":"Dr. M. Siva Satyanarayana","affiliation":"GPREC"},{"position":"Internal","name":"Dr. M. Harshavardhan Reddy","affiliation":"GPREC"},{"position":"Internal","name":"Dr. V. Anantha Lakshmi","affiliation":"GPREC"},{"position":"External (JNTUA)","name":"Dr. M. Vijaya Kumar","affiliation":"Professor & Rector, JNTUA"},{"position":"External (Academic)","name":"Dr. Pradeep Kumar Yemula","affiliation":"IIT Hyderabad"},{"position":"External (Academic)","name":"Dr. J.N. Chandrasekhar","affiliation":"SVEC Tirupati"},{"position":"Industry","name":"Mr. Kalamalla Vijaya Bhaskar Reddy","affiliation":"APSPDCL"},{"position":"Alumnus","name":"Mr. Syed Abdul Akher Jeelan Arafath","affiliation":"HCL Technologies"}],"studentActivities":["Seminars and activities under IEEE PELS/PES/IAS student branch chapters.","Technical workshops on power electronics, IoT, Arduino, and automation.","Industrial visits to power projects and substations.","Activities under the EELS (Ebullient Electrical League of Students) association.","Women in Engineering (WIE) awareness and development programs.","Personality development and career guidance sessions.","Alumni interaction meetings and quiz/poster competitions.","GATE and placement preparation programs.","Participation in the IEI (Institution of Engineers India) student chapter."],"facilities":["Electrical Machines Laboratory","Power Electronics Laboratory","Drives & Control Laboratory","Control Systems & Automation Laboratory","LabVIEW Academy","Power Systems Laboratory","Microcontrollers & IoT Laboratory","e-Yantra Robotics Laboratory","Electrical Circuits Laboratory","Electrical Measurements Laboratory","Electrical Technology Laboratory","Hybrid Power System Laboratory","Research Laboratory"],"departmentAchievements":[{"event":"AICTE IDEA LAB Grant (Rs. 90 Lakhs) awarded to Dr. T. Bramhananda Reddy & A. Pradeep Kumar Yadav","dates":"Apr 2025"},{"event":"EHV Substation Workshop","dates":"Jul - Aug 2025"},{"event":"Arduino Programming Workshop","dates":"Sep 2025"},{"event":"Workshop on Circuits to Intelligence: AI & ML Applications","dates":"Dec 2025"},{"event":"ANOKHA 7.0 Technical Congress","dates":"Feb 2026"}],"gallery":[{"url":"https://www.gprec.ac.in/wp-content/uploads/2019/07/1b-3.jpg","caption":"Department Activity"},{"url":"https://www.gprec.ac.in/wp-content/uploads/2019/07/2.ps_.jpg","caption":"Power Systems Laboratory"},{"url":"https://www.gprec.ac.in/wp-content/uploads/2019/07/2b-3.jpg","caption":"Department Activity"},{"url":"https://www.gprec.ac.in/wp-content/uploads/2019/07/3.pel_.jpg","caption":"Power Electronics Laboratory"},{"url":"https://www.gprec.ac.in/wp-content/uploads/2019/07/3b-3.jpg","caption":"Department Activity"},{"url":"https://www.gprec.ac.in/wp-content/uploads/2019/07/4.LabView.jpg","caption":"LabVIEW Academy"},{"url":"https://www.gprec.ac.in/wp-content/uploads/2019/07/4b-3.jpg","caption":"Department Activity"},{"url":"https://www.gprec.ac.in/wp-content/uploads/2019/07/5.CSAL_.jpg","caption":"Control Systems & Automation Laboratory"},{"url":"https://www.gprec.ac.in/wp-content/uploads/2019/07/5b-2.jpg","caption":"Department Activity"},{"url":"https://www.gprec.ac.in/wp-content/uploads/2019/07/6b-2.jpg","caption":"Department Activity"},{"url":"https://www.gprec.ac.in/wp-content/uploads/2019/07/7.DClab_.jpg","caption":"Drives & Control Laboratory"},{"url":"https://www.gprec.ac.in/wp-content/uploads/2019/07/7b-2.jpg","caption":"Department Activity"},{"url":"https://www.gprec.ac.in/wp-content/uploads/2019/07/8.EM_.jpg","caption":"Electrical Machines Laboratory"},{"url":"https://www.gprec.ac.in/wp-content/uploads/2019/07/9.Microcontrollers.jpg","caption":"Microcontrollers & IoT Laboratory"},{"url":"https://www.gprec.ac.in/wp-content/uploads/2019/07/10.E_yantra.jpg","caption":"e-Yantra Robotics Laboratory"},{"url":"https://www.gprec.ac.in/wp-content/uploads/2019/07/11.et_.jpg","caption":"Electrical Technology Laboratory"},{"url":"https://www.gprec.ac.in/wp-content/uploads/2019/07/CSAL.jpg","caption":"Control Systems & Automation Laboratory"},{"url":"https://www.gprec.ac.in/wp-content/uploads/2019/07/DClab.jpg","caption":"Drives & Control Laboratory"},{"url":"https://www.gprec.ac.in/wp-content/uploads/2019/07/E_yantra.jpg","caption":"e-Yantra Robotics Laboratory"},{"url":"https://www.gprec.ac.in/wp-content/uploads/2019/07/ECL.jpg","caption":"Electrical Circuits Laboratory"},{"url":"https://www.gprec.ac.in/wp-content/uploads/2019/07/EM.jpg","caption":"Electrical Machines Laboratory"},{"url":"https://www.gprec.ac.in/wp-content/uploads/2019/07/EML.jpg","caption":"Electrical Measurements Laboratory"},{"url":"https://www.gprec.ac.in/wp-content/uploads/2019/07/et.jpg","caption":"Electrical Technology Laboratory"},{"url":"https://www.gprec.ac.in/wp-content/uploads/2019/07/LabView.jpg","caption":"LabVIEW Academy"},{"url":"https://www.gprec.ac.in/wp-content/uploads/2019/07/Microcontrollers.jpg","caption":"Microcontrollers & IoT Laboratory"},{"url":"https://www.gprec.ac.in/wp-content/uploads/2019/07/pel.jpg","caption":"Power Electronics Laboratory"},{"url":"https://www.gprec.ac.in/wp-content/uploads/2019/07/ps.jpg","caption":"Power Systems Laboratory"}]},{"id":3,"code":"MEC","name":"Mechanical Engineering (MEC)","about":"Part of the college since its inception in 1985, the department offers a B.Tech (120 intake) and an M.Tech in Advanced Manufacturing Technology (12 intake). Twelve specialized laboratories cover thermal engineering, CAD/CAE/CAM, materials science, machine tools, and heat transfer, using licensed software including ANSYS, CATIA, and MATLAB. The department holds NBA accreditation, JNTUA research centre recognition, and recorded around 80 placement offers in 2020-2021, with 26 faculty members including 16 Ph.D. holders."},{"id":4,"code":"ECE","name":"Electronics and Communication Engineering (ECE)","about":"Established in 1984-85 with 40 students, the department now offers 180 undergraduate seats plus a 12-seat M.Tech in VLSI and Embedded Systems. Laboratories cover microprocessors, digital systems, communications, VLSI design, and IoT applications, supported by centres of excellence with Maven Silicon and Cisco Networking Academy. The department has earned NBA accreditation four times and JNTUA research centre recognition, with multiple SCI journal publications and patents filed by faculty during 2020-2025."},{"id":5,"code":"CSE","name":"Computer Science and Engineering (CSE)","about":"Established in 1991 with an initial intake of 30 students, the department has grown to 300 undergraduates, alongside an M.Tech (12 intake) and a JNTUA-recognized Ph.D. research centre. Laboratories include programming labs, database systems, CISCO networking facilities, and cloud computing resources (IBM BlueMix). The department holds NBA accreditation (renewed 2019), operates as a CISCO Network Academy and IBM training partner, and has placed students at companies including Amazon, Flipkart, TCS, and Infosys."},{"id":6,"code":"CST","name":"Computer Science and Technology (CST)","about":"Established in 2020-21 with an intake of 60 students, the B.Tech programme is supported by Programming, Database, and CISCO-equipped Networking labs, plus an R&D lab with server clusters for cloud and big data research. The department is recognized as a CISCO Network Academy, is accredited by IE(I), and has placed students at TCS, Infosys, and Amazon, including one student securing an Amazon internship at Rs.1,10,000 per month."},{"id":7,"code":"CSB","name":"Computer Science and Business Systems (CSB)","about":"Launched in 2020-21 in partnership with Tata Consultancy Services with an intake of 60 students, the programme blends core computer science with humanities, management sciences, and emerging areas including machine learning, cloud computing, and IoT. Eight well-equipped laboratories support the curriculum, and the department maintains active industry partnerships with Wipro, Infosys, and EPAM for practical training and placements."},{"id":8,"code":"CSM","name":"CSE – Artificial Intelligence & Machine Learning (CSM)","about":"Established in 2021 with an initial intake of 60 students (since expanded to 300), the B.Tech (CSE - AI & ML) programme, including an honors variant, covers foundational computing alongside specialized AI/ML coursework. Seven laboratories support programming, machine learning, deep learning, and NLP work. Students engage through IEEE Computational Intelligence Society and Computer Society of India chapters, with industry partnerships including Wipro, Infosys, and EPAM."},{"id":9,"code":"CSD","name":"CSE- Data Science (CSD)","about":"Established in 2021 with an initial intake of 60 students (since expanded to 120), the B.Tech (CSD) programme is supported by eight laboratories with current-generation systems for programming, machine learning, and data mining. The department maintains industry partnerships with Wipro and Infosys, and hosts IEEE and CSI student chapters alongside a strong focus on the fast-growing data science field."},{"id":10,"code":"HBS","name":"Humanities and Basic Sciences","about":"Established in 1985, this department serves as GPREC's foundational pillar, helping students transition from secondary education into engineering studies. It comprises 43 teaching faculty across Mathematics, Physics, Chemistry, English, and Management, including 19 Ph.D. holders, supported by Physics and Chemistry labs (60 students each), a 36-computer Communicative English Lab, and a 72-system Computer Programming Lab. In 2024-25, 1,169 students completed MOOC certifications through the department."}]$json$::jsonb),
  ('admissionsContent', $json${"btechCategoryA":"70% of the seats are called Category-A seats or Convener seats. These are filled by the Convener, AP EAPCET Admissions through web counseling, strictly on the basis of the rank obtained by the candidate in AP EAPCET and as per the rules of reservation in force.","btechCategoryB":"30% of the seats are called Category-B seats or Management Quota seats. These seats are filled by the college management as per the guidelines issued by APSCHE from time to time.","lateralEntry":"10% of the seats (over and above the sanctioned intake), as supernumerary seats, are allotted to Diploma holders for lateral entry admission into II Year B.Tech. These are filled by the Convener, ECET Admissions strictly on the basis of the rank obtained by the candidate in ECET. There are no management quota seats for lateral entry admissions.","mtechCategoryA":"70% of the seats are called A-Category seats or Convener Quota seats. The Convener conducts admissions through web counseling based on the rank obtained by the candidate in GATE/PGECET, subject to course-wise eligibility rules prescribed by JNTUA, Anantapur.","mtechCategoryB":"30% of the seats are called B-Category seats or Management Quota seats. These are filled by the college management as per the guidelines issued by APSCHE from time to time, subject to ratification."}$json$::jsonb),
  ('feeStructureContent', $json${"btech":"Tuition fee for the academic year 2026-27 is subject to revision by the Government of Andhra Pradesh.","other":"Tuition fee for B.Tech lateral entry and M.Tech programmes for the academic year 2026-27 is subject to revision by the Government of Andhra Pradesh."}$json$::jsonb),
  ('scholarshipsContent', $json${"btech":"Students admitted to B.Tech (Four Year) programmes with an AP EAPCET rank below 2000 receive a complete tuition fee waiver for all four years; those ranking between 2000 and 3000 receive a 50% tuition fee waiver for all four years. Government of Andhra Pradesh tuition fee reimbursement and scholarships are also available to qualifying students.","lateral":"Eligible students admitted to B.Tech (Diploma Holder / Lateral Entry) programmes can avail Government of Andhra Pradesh tuition fee reimbursement and scholarships.","mtech":"M.Tech students admitted through GATE are eligible for an AICTE stipend. Government of Andhra Pradesh tuition fee reimbursement is available for eligible students admitted through PGECET, subject to eligibility requirements."}$json$::jsonb),
  ('aboutRdContent', $json${"committee":"A nine-member committee led by the Dean, R&D (Dr. T. Brahmananda Reddy, Professor, EEE), with coordinators for R&D, Project Assessment & Evaluation, and Consultancy drawn from across departments.","objectives":"Promote research awareness, encourage multidisciplinary collaboration, build funding-agency and industry partnerships, support community engagement, improve publication quality, protect IPR, and enable international exchange programs.","incentives":"Faculty receive a cash incentive of 2.5% of the sanctioned external grant amount (paid after project completion from management funds, split equally among co-investigators). Students winning competitions receive one-way travel fare, and fabrication/hardware projects are eligible for funding.","inHouseScheme":"Teams of up to 3 members (including the Principal Investigator), maximum duration of two years, with periodic progress monitoring. Completion requires at least one full-length publication in an SCI/SCIE/Scopus/ESCI-indexed journal, or a filed patent as an alternative."}$json$::jsonb),
  ('fundingCampaigns', $json$[{"id":"fund-scholarship","title":"Scholarship Fund","description":"Supports tuition assistance for meritorious students from low-income families.","goal":500000},{"id":"fund-infra","title":"Campus Infrastructure Fund","description":"Upgrades to labs, classrooms, and campus facilities.","goal":800000},{"id":"fund-sports","title":"Sports & Cultural Fund","description":"Equipment and event support for student sports and cultural activities.","goal":200000}]$json$::jsonb),
  ('alumniEvents', $json$[{"id":"event-seed-1","title":"Annual Alumni Meet 2026","date":"2026-12-20","location":"GPREC Campus, Kurnool","description":"Reconnect with batchmates and faculty at the annual on-campus alumni gathering.","createdBy":"gprec"},{"id":"event-seed-2","title":"Career Webinar: Breaking into Tech","date":"2026-08-15","location":"Online","description":"A panel of alumni working at top tech companies share career advice for recent graduates.","createdBy":"gprec"}]$json$::jsonb),
  ('careerListings', $json$[{"id":1,"title":"Professor of Practice","description":"GPREC is inviting applications for the position of Professor of Practice. Refer to the official notification and guidelines documents below for eligibility criteria, application procedure, and last date to apply.","notificationUrl":"https://www.gprec.ac.in/collegepdf/GPREC-Professor-of-Practice-Notification-2026.pdf","guidelinesUrl":"https://www.gprec.ac.in/collegepdf/Guidelines-for-Professor-of-Practice-GPREC-April-2026.pdf"}]$json$::jsonb),
  ('studentVoices', $json$[{"id":"voice-1","quote":"I proudly completed my Mechanical Engineering at GPREC, where I gained technical knowledge, values, ethics, and the strength to face challenges.","name":"Ms. Venkata Saranya","role":"Alumnus, Mechanical","photoDataUrl":"https://www.gprec.ac.in/wp-content/uploads/2025/09/Ms.-Venkata-Saranya-92x92.png"},{"id":"voice-2","quote":"Joining GPREC as a lateral entry student was a turning point in my journey. The supportive faculty and peers made me feel at home.","name":"Thahid Shaik Tappa","role":"Alumnus, Mechanical","photoDataUrl":"https://www.gprec.ac.in/wp-content/uploads/2025/09/Thahid-Shaik-Tappa-92x92.png"},{"id":"voice-3","quote":"GPREC has given me unforgettable memories and invaluable lessons. It was more than academics; it was about personal growth.","name":"J Prem","role":"Alumnus, CSE","photoDataUrl":"https://www.gprec.ac.in/wp-content/uploads/2025/09/J-PREM-92x92.png"},{"id":"voice-4","quote":"Sports, event management, hands-on projects, and faculty support helped me become confident, adaptable, and industry-ready.","name":"K. Rohith Reddy","role":"Alumnus, Civil","photoDataUrl":"https://www.gprec.ac.in/wp-content/uploads/2025/09/IMG_20250429_162151821_AE-removebg-preview-2-92x92.png"},{"id":"voice-5","quote":"GPREC gave me academic strength, leadership opportunities, placement support, and the confidence to grow professionally.","name":"Swetha Saron","role":"Alumnus, Civil","photoDataUrl":"https://www.gprec.ac.in/wp-content/uploads/2025/09/SwethaSaron-92x92.png"},{"id":"voice-6","quote":"The curriculum, clubs, sports, and fests helped me grow in many dimensions and build lasting college memories.","name":"Supraja","role":"Alumnus, Mechanical","photoDataUrl":"https://www.gprec.ac.in/wp-content/uploads/2019/06/Supraja-Reddy-92x92.jpg"},{"id":"voice-7","quote":"GPREC helped me discover a better version of myself through academics, placement training, clubs, and forums.","name":"T. Roshni","role":"Alumnus, Civil","photoDataUrl":"https://www.gprec.ac.in/wp-content/uploads/2019/06/Screenshot_20190528-182608-92x92.png"},{"id":"voice-8","quote":"The college identifies talents, builds strengths, and turns students into problem solvers and real engineers.","name":"Nisitha Chennuru","role":"Student, ECE","photoDataUrl":"https://www.gprec.ac.in/wp-content/uploads/2019/06/nisi-photo-92x92.jpg"},{"id":"voice-9","quote":"GPREC provides a strong learning environment, helpful professors, platforms for growth, and good placement opportunities.","name":"Ragasree G","role":"Alumni, 2018 Batch","photoDataUrl":"https://www.gprec.ac.in/wp-content/uploads/2019/05/Ragasree-Pic-92x92.jpg"},{"id":"voice-10","quote":"Infrastructure, library, gym, indoor stadium, and faculty support helped me learn values and contribute to society.","name":"V. Rakesh Reddy","role":"Alumni, 2019 Batch","photoDataUrl":"https://www.gprec.ac.in/wp-content/uploads/2018/03/IMG_20190215_194622-92x92.jpg"}]$json$::jsonb),
  ('disclosureCategories', $json$[{"id":"aicte","label":"AICTE","logo":"https://www.gprec.ac.in/wp-content/uploads/2019/07/aicte-logo.jpg","items":[{"title":"Mandatory Disclosure Document - Accreditation Status (Feb 2022)","url":"https://www.gprec.ac.in/wp-content/uploads/2019/08/Mandatory-Disclosure-Document-%20Accreditation-%20Feb-2022.pdf"},{"title":"Mandatory Disclosure 2024-25","url":"https://www.gprec.ac.in/wp-content/uploads/2019/08/GPREC-Mandatory%20Disclosure%202024-25%20As%20per%20ACITE.pdf"},{"title":"Mandatory Disclosure 2023-24","url":"https://www.gprec.ac.in/wp-content/uploads/2019/08/GPREC-Mandatory-Disclosure-2023-2024.pdf"},{"title":"Extended EOA 2019-20","url":"https://www.gprec.ac.in/wp-content/uploads/2019/08/AICTE-Extended-EOA-2019-20-5-YEARS.pdf"},{"title":"EOA - 2026-27","url":"https://www.gprec.ac.in/wp-content/uploads/2019/08/AICTE-EOA-2026-27.pdf","section":"EOA Reports"},{"title":"EOA - 2025-26","url":"https://www.gprec.ac.in/wp-content/uploads/2019/08/EOA-Report-25-26.pdf","section":"EOA Reports"},{"title":"EOA - 2024-25","url":"https://www.gprec.ac.in/wp-content/uploads/2019/08/EOA-Report-2024-25.pdf","section":"EOA Reports"},{"title":"EOA - 2023-24","url":"https://www.gprec.ac.in/wp-content/uploads/2019/08/EOA-Report-2023-24-2.pdf","section":"EOA Reports"},{"title":"EOA - 2022-23","url":"https://www.gprec.ac.in/wp-content/uploads/2019/08/EOA-Report-22-23.pdf","section":"EOA Reports"},{"title":"EOA - 2021-22","url":"https://www.gprec.ac.in/wp-content/uploads/2019/08/GPREC-EOA-Report-21-22.pdf","section":"EOA Reports"},{"title":"EOA - 2020-21","url":"https://www.gprec.ac.in/wp-content/uploads/2019/08/EOA-2020-21.pdf","section":"EOA Reports"},{"title":"EOA - 2019-20","url":"https://www.gprec.ac.in/wp-content/uploads/2019/08/EOA-2019-20.pdf","section":"EOA Reports"},{"title":"EOA - 2018-19","url":"https://www.gprec.ac.in/wp-content/uploads/2019/08/EOA-2018-19.pdf","section":"EOA Reports"},{"title":"EOA - 2017-18","url":"https://www.gprec.ac.in/wp-content/uploads/2019/08/EOA-2017-18.pdf","section":"EOA Reports"},{"title":"EOA - 2016-17","url":"https://www.gprec.ac.in/wp-content/uploads/2019/08/EOA-2016-17.pdf","section":"EOA Reports"},{"title":"EOA - 2015-16","url":"https://www.gprec.ac.in/wp-content/uploads/2019/08/EOA-2015-16.pdf","section":"EOA Reports"}]},{"id":"ugc","label":"UGC","logo":"https://www.gprec.ac.in/wp-content/uploads/2019/07/UGC-LOGO-810x796.jpg","items":[{"title":"UGC 2(f)-12(b) Certificate","url":"https://www.gprec.ac.in/wp-content/uploads/2019/08/UGC-2F-12B-CERTIFICATE.pdf"},{"title":"Autonomous Status Certification - 2006","url":"https://www.gprec.ac.in/wp-content/uploads/2019/08/UGC_AUTONOMOUS_2006.pdf"},{"title":"Autonomous Status Certification - 2012","url":"https://www.gprec.ac.in/wp-content/uploads/2019/08/UGC_AUTONOMOUS_2012.pdf"},{"title":"Autonomous Status Certification - 2018","url":"https://www.gprec.ac.in/wp-content/uploads/2019/08/UGC_AUTONOMOUS_2018.pdf"},{"title":"College with Potential for Excellence (CPE)","url":"https://www.gprec.ac.in/wp-content/uploads/2019/08/GPREC-COLLEGE-WITH-POTENTIAL-FOR-EXCELLENCE(CPE).pdf"},{"title":"GPREC Undertaking - UGC Regulations","url":"https://www.gprec.ac.in/wp-content/uploads/2019/08/GPREC-Undertaking-UGC-Regulations.pdf"},{"title":"Minutes of Statutory Bodies Meetings","url":"https://www.gprec.ac.in/minutes-of-statutory-bodies-meetings"}]},{"id":"naac","label":"NAAC","logo":"https://www.gprec.ac.in/wp-content/uploads/2019/07/NAAC_LOGO.png","items":[{"title":"NAAC Certificate - 2023","url":"https://www.gprec.ac.in/wp-content/uploads/2019/08/NAAC-ACCREDITATION-CERTIFICATE_2023.pdf"},{"title":"NAAC Certificate - 2017","url":"https://www.gprec.ac.in/wp-content/uploads/2019/08/NAAC-ACCREDITATION-CERTIFICATE_2017.pdf"},{"title":"NAAC Certificate - 2011","url":"https://www.gprec.ac.in/wp-content/uploads/2019/08/NAAC_ACCREDITATION-CERTIFICATE-2011.pdf"},{"title":"NAAC Certificate - 2005","url":"https://www.gprec.ac.in/wp-content/uploads/2019/08/NAAC_ACCREDITATION-CERTIFICATE-2005.pdf"}]},{"id":"iqac","label":"IQAC","logo":"https://www.gprec.ac.in/wp-content/uploads/2019/07/IQAC-logo.png","items":[{"title":"About IQAC","url":"https://www.gprec.ac.in/wp-content/uploads/2019/08/IQAC.pdf"},{"title":"AQAR Reports","url":"https://www.gprec.ac.in/aqar-reports"},{"title":"Minutes of IQAC Meetings","url":"https://www.gprec.ac.in/minutes-of-iqac-meetings"},{"title":"Academic Audit & Institute Assessment","url":"https://www.gprec.ac.in/academic-audit-institute-assesment"},{"title":"NAAC Student Satisfaction Survey 2024","url":"https://www.gprec.ac.in/iqac/NAAC-Student-Satisfaction-Survey-2024.pdf"},{"title":"Best Practices","url":"https://www.gprec.ac.in/iqac/Best%20Practices.pdf"},{"title":"Strategic Plan","url":"https://www.gprec.ac.in/iqac/strategicplan.pdf"},{"title":"Institutional Distinctiveness Report","url":"https://www.gprec.ac.in/iqac/GPREC-Institutional-Distinctiveness.pdf"},{"title":"IQAC Cell Establishment & Committee Constitution","url":"https://www.gprec.ac.in/iqac/IQAC-Cell-Establishment-and-Committee-Constitution.pdf"},{"title":"AQAR by Criterion 1","url":"http://www.gprec.ac.in/aqar-crieteria-1"},{"title":"AQAR by Criterion 2","url":"http://www.gprec.ac.in/aqar-crieteria-2"},{"title":"AQAR by Criterion 3","url":"http://www.gprec.ac.in/aqar-crieteria-3"},{"title":"AQAR by Criterion 7","url":"http://www.gprec.ac.in/aqar-crieteria-7"}]},{"id":"nba","label":"NBA","logo":"https://www.gprec.ac.in/wp-content/uploads/2019/07/NBA-logo.png","items":[{"title":"NBA-ECE-DCS Report (2025)","url":"https://www.gprec.ac.in/wp-content/uploads/2025/12/NBA-DCS%20Report-10589-12-4-2025.pdf"}]},{"id":"nirf","label":"NIRF Reports","logo":"https://www.gprec.ac.in/wp-content/uploads/2019/07/NIRF-logo.jpg","items":[{"title":"2026 - Engineering","url":"https://www.gprec.ac.in/wp-content/uploads/2019/08/NIRF-2026-REPORT-ENGINEERING.pdf","section":"2026"},{"title":"2026 - Overall","url":"https://www.gprec.ac.in/wp-content/uploads/2019/08/NIRF-2026-%20REPORT%20-OVERALL.pdf","section":"2026"},{"title":"2026 - Innovation","url":"https://www.gprec.ac.in/wp-content/uploads/2019/08/NIRF-2026-REPORT-INNOVATION.pdf","section":"2026"},{"title":"2026 - Sustainable Institutions","url":"https://www.gprec.ac.in/wp-content/uploads/2019/08/NIRF-2026-REPORT-SUSTAINABLE%20INSTITUIONS.pdf","section":"2026"},{"title":"2025 - Engineering","url":"https://www.gprec.ac.in/wp-content/uploads/2019/08/NIRF-2025-REPORT-ENGINEERING.pdf","section":"2025"},{"title":"2025 - Overall","url":"https://www.gprec.ac.in/wp-content/uploads/2019/08/NIRF-2025-REPORT-OVERALL.pdf","section":"2025"},{"title":"2025 - Innovation","url":"https://www.gprec.ac.in/wp-content/uploads/2019/08/NIRF-2025-REPORT-INNOVATION.pdf","section":"2025"},{"title":"2025 - SDG Institution","url":"https://www.gprec.ac.in/wp-content/uploads/2019/08/NIRF-2025-Report-SDG-Institution.pdf","section":"2025"},{"title":"2023 - Innovation Ranking","url":"https://www.gprec.ac.in/wp-content/uploads/2019/08/NIRF-Innovation-Ranking-2023.pdf","section":"Previous Rankings"},{"title":"2022 - Rank Band 251-300 (Engineering)","url":"https://www.gprec.ac.in/wp-content/uploads/2019/08/NIRF%202022%20-Rank%20Band-251-300%20in%20Engineering.pdf","section":"Previous Rankings"},{"title":"2021 - Rank Band 201-250 (Engineering)","url":"https://www.gprec.ac.in/wp-content/uploads/2019/08/NIRF-India-Rankings-2021-RESULT-201-250-band-9th-Sept-2021.pdf","section":"Previous Rankings"},{"title":"2020 - Ranked 190 (Engineering)","url":"https://www.gprec.ac.in/wp-content/uploads/2019/08/NIRF-India-Rankings-2020-Certificate.pdf","section":"Previous Rankings"}]},{"id":"aphermc","label":"APHERMC","logo":"https://www.gprec.ac.in/wp-content/uploads/2019/08/Andhra-Pradesh-new-official-emblem-1.jpeg","items":[{"title":"B.Tech Fee Fixation 2023-26 (Revised)","url":"https://www.gprec.ac.in/wp-content/uploads/2019/08/B.Tech-Fee-Fixation-GO-for-the-block-period-2023-26(Revised).pdf","section":"B.Tech"},{"title":"B.Tech Fee Fixation 2023-26 (Original)","url":"https://www.gprec.ac.in/wp-content/uploads/2019/08/B.TECH-FEE-FIXATION-GO-2023-26.pdf","section":"B.Tech"},{"title":"M.Tech Fee Fixation 2023-24","url":"https://www.gprec.ac.in/wp-content/uploads/2019/08/M.TECH-FEE-FIXATION-GO-2023-24.pdf","section":"M.Tech"},{"title":"B.Tech Fee Fixation 2020-23","url":"https://www.gprec.ac.in/wp-content/uploads/2019/08/B.TECH-FEE-FIXATION-GO-2020-23.pdf","section":"B.Tech"},{"title":"M.Tech Fee Fixation 2020-23","url":"https://www.gprec.ac.in/wp-content/uploads/2019/08/M.TECH-FEE-FIXATION-GO-2020-23.pdf","section":"M.Tech"},{"title":"UG Fee Fixation 2019-20","url":"https://www.gprec.ac.in/wp-content/uploads/2019/08/UG-PG-FEE-FIXATION-GO-2019-20.pdf","section":"General"},{"title":"B.Tech Fee Fixation 2016-19","url":"https://www.gprec.ac.in/wp-content/uploads/2019/08/B.TECH-FEE-FIXATION-GO-2016-19.pdf","section":"B.Tech"},{"title":"M.Tech Fee Fixation 2016-19","url":"https://www.gprec.ac.in/wp-content/uploads/2019/08/M.TECH-FEE-FIXATION-GO-2016-19.pdf","section":"M.Tech"},{"title":"Audit Report 2024-25","url":"https://www.gprec.ac.in/auditreports/audit%20report-24-25.pdf","section":"Audit Reports"},{"title":"Audit Report 2023-24","url":"https://www.gprec.ac.in/auditreports/audit%20report%2023-24.pdf","section":"Audit Reports"},{"title":"Audit Report 2022-23","url":"https://www.gprec.ac.in/auditreports/audit%20report%2022-23.pdf","section":"Audit Reports"},{"title":"Audit Report 2021-22","url":"https://www.gprec.ac.in/auditreports/audit%20report%2021-22.pdf","section":"Audit Reports"},{"title":"Audit Report 2020-21","url":"https://www.gprec.ac.in/auditreports/audit%20report%2020-21.pdf","section":"Audit Reports"},{"title":"Audit Report 2019-20","url":"https://www.gprec.ac.in/auditreports/audit%20report%2019-20.pdf","section":"Audit Reports"},{"title":"Audit Report 2018-19","url":"https://www.gprec.ac.in/auditreports/audit%20report%2018-19.pdf","section":"Audit Reports"},{"title":"Audit Report 2017-18","url":"https://www.gprec.ac.in/auditreports/audit%20report%2017-18.pdf","section":"Audit Reports"},{"title":"Audit Report 2016-17","url":"https://www.gprec.ac.in/auditreports/audit%20report%2016-17.pdf","section":"Audit Reports"},{"title":"Audit Report 2015-16","url":"https://www.gprec.ac.in/auditreports/audit%20report%2015-16.pdf","section":"Audit Reports"},{"title":"Audit Report 2014-15","url":"https://www.gprec.ac.in/auditreports/audit%20report%2014-15.pdf","section":"Audit Reports"},{"title":"Audit Report 2013-14","url":"https://www.gprec.ac.in/auditreports/audit%20report%2013-14.pdf","section":"Audit Reports"}]},{"id":"aishe","label":"AISHE","logo":"https://www.gprec.ac.in/wp-content/uploads/2019/07/AISHE-logo.jpg","items":[{"title":"2024-25","url":"https://www.gprec.ac.in/wp-content/uploads/2019/08/GPREC-AISHE-C-26905-2024-25.pdf"},{"title":"2023-24","url":"https://www.gprec.ac.in/wp-content/uploads/2019/08/GPREC-AISHE-C-26905-2023-24.pdf"},{"title":"2022-23","url":"https://www.gprec.ac.in/wp-content/uploads/2019/08/GPREC-AISHE-C-26905-2022-23.pdf"},{"title":"2021-22","url":"https://www.gprec.ac.in/wp-content/uploads/2019/08/GPREC-AISHE-C-26905-2021-22.pdf"},{"title":"2020-21","url":"https://www.gprec.ac.in/wp-content/uploads/2019/08/GPREC%20-%209X%20-%20AISHE%202020-21%20Certificate%20C-26905%2007.02.2022.pdf"},{"title":"2019-20","url":"https://www.gprec.ac.in/wp-content/uploads/2019/08/GPREC-AISHE-2019-20-Certificate-C-26905.pdf"},{"title":"2018-19","url":"https://www.gprec.ac.in/wp-content/uploads/2019/08/GPREC-AISHE-C-26905-2018-19.pdf"},{"title":"2017-18","url":"https://www.gprec.ac.in/wp-content/uploads/2019/08/GPREC-AISHE-C-26905-2017-18.pdf"},{"title":"2016-17","url":"https://www.gprec.ac.in/wp-content/uploads/2019/08/GPREC-AISHE-C-26905-2016-17.pdf"},{"title":"2015-16","url":"https://www.gprec.ac.in/wp-content/uploads/2019/08/GPREC-AISHE-C-26905-2015-16.pdf"},{"title":"2014-15","url":"https://www.gprec.ac.in/wp-content/uploads/2019/08/GPREC-AISHE-C-26905-2014-15.pdf"}]},{"id":"jntua","label":"JNTUA","logo":"https://www.gprec.ac.in/wp-content/uploads/2019/07/JNTU-logo.png","items":[{"title":"Affiliation 2025-26","url":"https://www.gprec.ac.in/wp-content/uploads/2019/08/JNTUA-Affiliation-2025-26.pdf","section":"Affiliation Letters"},{"title":"Affiliation 2024-25","url":"https://www.gprec.ac.in/wp-content/uploads/2019/08/JNTUA-AFFILIATION_LETTERS_2024.pdf","section":"Affiliation Letters"},{"title":"Affiliation 2023-24","url":"https://www.gprec.ac.in/wp-content/uploads/2019/08/JNTUA-AFFILIATION_LETTERS_2023.pdf","section":"Affiliation Letters"},{"title":"Affiliation 2022-23","url":"https://www.gprec.ac.in/wp-content/uploads/2019/08/JNTUA-AFFILIATION_LETTERS_2022.pdf","section":"Affiliation Letters"},{"title":"Affiliation 2021-22","url":"https://www.gprec.ac.in/wp-content/uploads/2019/08/JNTUA-AFFILIATION_LETTERS_2021.pdf","section":"Affiliation Letters"},{"title":"Affiliation 2020-21","url":"https://www.gprec.ac.in/wp-content/uploads/2019/08/JNTUA-AFFILIATION_LETTERS_2020-21.pdf","section":"Affiliation Letters"},{"title":"Affiliation 2015-16","url":"https://www.gprec.ac.in/wp-content/uploads/2019/08/JNTUA-AFFILIATION_LETTERS_2015-16.pdf","section":"Affiliation Letters"},{"title":"Affiliation 2010-11","url":"https://www.gprec.ac.in/wp-content/uploads/2019/08/JNTUA-AFFILIATION-LETTERS_2010-11.pdf","section":"Affiliation Letters"},{"title":"SKU Affiliation 1990","url":"https://www.gprec.ac.in/wp-content/uploads/2019/08/SK-UNIVERSITY-AFFL_1990.pdf","section":"Affiliation Letters"},{"title":"SKU Affiliation 2000","url":"https://www.gprec.ac.in/wp-content/uploads/2019/08/SK-UNIVERSITY-AFFL_2000.pdf","section":"Affiliation Letters"},{"title":"Autonomous Letter 2017-18","url":"https://www.gprec.ac.in/wp-content/uploads/2019/08/JNTUA-AUTONOMOUS-LETTER-2017-18.pdf","section":"Autonomous Letters"},{"title":"Autonomous Letter 2012-13","url":"https://www.gprec.ac.in/wp-content/uploads/2019/08/JNTUA-AUTONOMOUS-LETTER-2012-13.pdf","section":"Autonomous Letters"},{"title":"Autonomous Letter 2011-12","url":"https://www.gprec.ac.in/wp-content/uploads/2019/08/JNTUA-AUTONOMOUS-LETTER-2011-12.pdf","section":"Autonomous Letters"},{"title":"SKU Autonomous Letter 2009","url":"https://www.gprec.ac.in/wp-content/uploads/2019/08/SK-UNIVERISTY-AUTONOMOUS-LETTER-2009-10.pdf","section":"Autonomous Letters"},{"title":"SKU Autonomous Letter 2006","url":"https://www.gprec.ac.in/wp-content/uploads/2019/08/SK-UNIVERSITY-AUTONOMOUS-LETTER-2006-07.pdf","section":"Autonomous Letters"},{"title":"Research Centre Letter 2022","url":"https://www.gprec.ac.in/wp-content/uploads/2019/08/ResearchCentre-2022.pdf","section":"Research Center Letters"},{"title":"Research Centre Letter 2020","url":"https://www.gprec.ac.in/wp-content/uploads/2019/08/ResearchCentre-2020.pdf","section":"Research Center Letters"},{"title":"Research Centre Letter 2017","url":"https://www.gprec.ac.in/wp-content/uploads/2019/08/ResearchCentre-2017.pdf","section":"Research Center Letters"},{"title":"Research Centre Letter 2013","url":"https://www.gprec.ac.in/wp-content/uploads/2019/08/ResearchCentre-2013.pdf","section":"Research Center Letters"}]},{"id":"mous","label":"MoUs","items":[{"title":"Intellisoft USA (Drone Technology)","url":"https://www.gprec.ac.in/wp-content/uploads/2026/06/MoU-Drone-USA.pdf","section":"Recent (2025-2026)"},{"title":"Sri Sri Rural Development Programme Trust","url":"https://www.gprec.ac.in/wp-content/uploads/2025/11/GPREC-%20SSRDP-MOU.pdf","section":"Recent (2025-2026)"},{"title":"Indian Railways Institute","url":"https://www.gprec.ac.in/wp-content/uploads/2025/11/GPREC-Indian-Railways-Institute-MOU.pdf","section":"Recent (2025-2026)"},{"title":"ZAS Robotics Private Ltd","url":"https://www.gprec.ac.in/wp-content/uploads/2025/08/ZAS-Robotics-MOU.pdf","section":"Recent (2025-2026)"},{"title":"University of North Texas, USA","url":"https://www.gprec.ac.in/wp-content/uploads/2025/02/MEMORANDUM-OF-AGREEMENT.pdf","section":"Recent (2025-2026)"},{"title":"UAV Research Lab (IIITDM)","url":"https://www.gprec.ac.in/wp-content/uploads/2025/02/MEMORANDUM-OF-UNDERSTANDING-FOR-COLLABORATION-BETWEEN.pdf","section":"Recent (2025-2026)"},{"title":"Virtual Labs (IIIT Hyderabad)","url":"https://www.gprec.ac.in/wp-content/uploads/2025/02/GPREC-Virtual-Labs-IIIT-Hyderabad-MoU.pdf","section":"Recent (2025-2026)"},{"title":"CED-NHAI","url":"https://www.gprec.ac.in/wp-content/uploads/2025/02/GPREC-CED-NHAI-MOUs.pdf","section":"Recent (2025-2026)"},{"title":"National Academy of Construction","url":"https://www.gprec.ac.in/wp-content/uploads/2025/02/GPREC-%20CED%20-%20National-Academy-of-Construction-MOU.pdf","section":"Recent (2025-2026)"},{"title":"AIGEN Lab","url":"https://www.gprec.ac.in/wp-content/uploads/2024/12/MOU-GPREC-AIGEN-Labs.pdf","section":"Recent (2025-2026)"},{"title":"ExcelR Solutions","url":"https://www.gprec.ac.in/wp-content/uploads/2019/08/MOU-ExcelR%20Solutions.pdf","section":"Established Partnerships"},{"title":"Adventure in Science","url":"https://www.gprec.ac.in/wp-content/uploads/2019/08/MoU-Adventure-in-Science.pdf","section":"Established Partnerships"},{"title":"AIMERS","url":"https://www.gprec.ac.in/wp-content/uploads/2019/08/MoU-AIMERS.pdf","section":"Established Partnerships"},{"title":"YourDost","url":"https://www.gprec.ac.in/wp-content/uploads/2019/08/MoU-yourdost-23-24.pdf","section":"Established Partnerships"},{"title":"IEEE","url":"https://www.gprec.ac.in/wp-content/uploads/2019/08/moU-IEEE.pdf","section":"Established Partnerships"},{"title":"DataFlair","url":"https://www.gprec.ac.in/wp-content/uploads/2019/08/MoU-DataFlair.pdf","section":"Established Partnerships"},{"title":"EduSkills","url":"https://www.gprec.ac.in/wp-content/uploads/2019/08/MoU-Eduskills.pdf","section":"Established Partnerships"},{"title":"Infosys Springboard","url":"https://www.gprec.ac.in/wp-content/uploads/2019/08/MoU-Infosys_Springboard.pdf","section":"Established Partnerships"},{"title":"Infosys","url":"https://www.gprec.ac.in/wp-content/uploads/2019/08/GPREC-Infosys-MOU.pdf","section":"Established Partnerships"},{"title":"National Technological University (Argentina)","url":"https://www.gprec.ac.in/wp-content/uploads/2019/08/MoU-National-Technological-University,Argentina.pdf","section":"Established Partnerships"},{"title":"University of the Republic (Uruguay)","url":"https://www.gprec.ac.in/wp-content/uploads/2019/08/MoU-Dept-of-Biological-Engg-University-of-the-Republic-Uruguay.pdf","section":"Established Partnerships"},{"title":"Maven Silicon","url":"https://www.gprec.ac.in/wp-content/uploads/2019/08/MoU-Maven-Silicon-Bangalore.pdf","section":"Established Partnerships"},{"title":"IIITDMK","url":"https://www.gprec.ac.in/wp-content/uploads/2019/08/MoU-IIITDM(K).pdf","section":"Established Partnerships"},{"title":"CED - Road Transport Authority","url":"https://www.gprec.ac.in/wp-content/uploads/2019/08/MoU-CED-Road%20Transport%20Authority.pdf","section":"Established Partnerships"},{"title":"Construction Management Institute","url":"https://www.gprec.ac.in/wp-content/uploads/2019/08/MoU-CED-%20Construction-Manangement-Training-Institute.pdf","section":"Established Partnerships"},{"title":"IBM","url":"https://www.gprec.ac.in/wp-content/uploads/2019/08/GPREC_IBM-MOU.jpg","section":"Established Partnerships"},{"title":"CISCO","url":"https://www.gprec.ac.in/wp-content/uploads/2019/08/GPREC-CISCO-MOU.pdf","section":"Established Partnerships"},{"title":"Techsys","url":"https://www.gprec.ac.in/wp-content/uploads/2019/08/GPREC-Techsys-MOU.pdf","section":"Established Partnerships"},{"title":"GPRDCH","url":"https://www.gprec.ac.in/wp-content/uploads/2019/08/GPREC-GPRDC-MOU.pdf","section":"Established Partnerships"},{"title":"VARCAS Automobiles","url":"https://www.gprec.ac.in/wp-content/uploads/2019/08/MOU-gprec-Varcas-automobiles.pdf","section":"Established Partnerships"}]},{"id":"institutional-membership","label":"Institutional Membership","items":[{"title":"ISTE","url":"https://www.gprec.ac.in/wp-content/uploads/2019/08/ISTE.jpg"},{"title":"CSI","url":"https://www.gprec.ac.in/wp-content/uploads/2019/08/CSI-Membership-Certificate-3.jpg"},{"title":"NCSSS","url":"https://www.gprec.ac.in/wp-content/uploads/2019/08/NCSSS-Certificate-.pdf"},{"title":"NASSCOM","url":"https://www.gprec.ac.in/wp-content/uploads/2019/08/NASSCOM-Membership-Certificate.pdf"},{"title":"IUCEE","url":"https://www.gprec.ac.in/wp-content/uploads/2019/08/IUCEE-Certificate.pdf"},{"title":"IEI","url":"https://www.gprec.ac.in/wp-content/uploads/2019/08/IEI-Membership-certificate.pdf"}]},{"id":"student-induction-program","label":"Student Induction Program","items":[{"title":"2024-25","url":"https://www.gprec.ac.in/wp-content/uploads/2019/08/SIP-2024-25%20Report.pdf"},{"title":"2023-24","url":"https://www.gprec.ac.in/wp-content/uploads/2019/08/SIP-2023-24.pdf"},{"title":"2022-23","url":"https://www.gprec.ac.in/wp-content/uploads/2019/08/SIP-2022-23.pdf"},{"title":"2020-21","url":"https://www.gprec.ac.in/wp-content/uploads/2019/08/SIP-2020-21.pdf"},{"title":"2019-20","url":"https://www.gprec.ac.in/wp-content/uploads/2019/08/SIP-2019-20.pdf"},{"title":"2018-19","url":"https://www.gprec.ac.in/wp-content/uploads/2019/08/SIP-2018-19.pdf"}]}]$json$::jsonb),
  ('researchDevCategories', $json$[{"id":"about-rd","label":"About R&D","items":[{"title":"R&D Policy","url":"https://www.gprec.ac.in/Research/RD-Research-Policy.pdf"},{"title":"Faculty Incentives","url":"https://www.gprec.ac.in/Research/facultyIncentives.pdf"},{"title":"Format for In-House Project","url":"https://www.gprec.ac.in/Research/Format-for-IHP.pdf"},{"title":"Funding Agencies","url":"https://www.gprec.ac.in/Research/Funding-Agencies.pdf"},{"title":"Project Completion Report Format (In-House Project)","url":"https://www.gprec.ac.in/Research/Project-Completion-Report-Format-of-In-House-Project.pdf"},{"title":"Progress Report Format (In-House Project)","url":"https://www.gprec.ac.in/Research/Progress-Report-format-of-In-House-Project.pdf"}]},{"id":"funded-projects","label":"Funded Projects","items":[{"title":"Download Full Funded Projects List (.xls)","url":"https://www.gprec.ac.in/Research/Website-Funded-Projects-upto-Jan-2023.xls"}]},{"id":"research-scholars","label":"Research Scholars","items":[]},{"id":"consultancy","label":"Consultancy","items":[]},{"id":"publications","label":"Publications","items":[]},{"id":"patents","label":"Patents","items":[{"title":"2022-23","url":"https://www.gprec.ac.in/Research/Patents%20-%202022-23.pdf"},{"title":"2023-24","url":"https://www.gprec.ac.in/Research/Patents%20-%202023-24.pdf"},{"title":"2024-25","url":"https://www.gprec.ac.in/Research/Patents%20-%202024-25.pdf"}]},{"id":"proposals","label":"Call for Research Proposals","items":[{"title":"SERB - Science and Engineering Research Board","url":"https://serb.gov.in/","section":"Government Agencies"},{"title":"DST - Call for Proposals","url":"http://dst.gov.in/call-for-proposals","section":"Government Agencies"},{"title":"DRDO - Defence Research & Development Organisation","url":"https://www.drdo.gov.in/","section":"Government Agencies"},{"title":"ISRO - Submission of Research Proposal","url":"https://www.isro.gov.in/SubmissionofResearchProposal.html","section":"Government Agencies"},{"title":"ISRO - Conference / Workshop / Seminar Grants","url":"https://www.isro.gov.in/Conference_Grants.html","section":"Government Agencies"},{"title":"ISRO - Academia","url":"https://www.isro.gov.in/academia.html","section":"Government Agencies"},{"title":"AICTE - Staff Development Schemes","url":"https://www.aicte-india.org/schemes/staff-development-schemes","section":"Government Agencies"},{"title":"Department of Atomic Energy","url":"http://dae.nic.in/","section":"Government Agencies"},{"title":"Department of Biotechnology","url":"http://dbtindia.nic.in/index.asp","section":"Government Agencies"},{"title":"Ministry of Environment & Forestry","url":"http://envfor.nic.in/","section":"Government Agencies"},{"title":"Ministry of Water Resources","url":"http://wrmin.nic.in/","section":"Government Agencies"},{"title":"Department of Electronics & Information Technology","url":"http://deity.gov.in/","section":"Government Agencies"},{"title":"ARCI - Advanced Centre for Research in High Energy Physics","url":"http://www.arci.res.in/","section":"Specialized Research Organizations"},{"title":"National Aerospace Laboratories","url":"http://www.nal.res.in/","section":"Specialized Research Organizations"},{"title":"India Science and Technology Portal","url":"https://www.indiascienceandtechnology.gov.in/","section":"Academic Information Portals"},{"title":"IISc - Funding Agencies Database","url":"https://iisc.ac.in/funding-agencies/","section":"Academic Information Portals"},{"title":"India.gov.in - National Portal of India","url":"https://www.india.gov.in/","section":"Academic Information Portals"}]}]$json$::jsonb),
  ('fundedProjectsRows', $json$[{"year":"2024-25","scheme":"AICTE-IDEA Lab","coordinator":"Dr. T.BRAMHANANDA REDDY","dept":"EEE","nonRecurring":"90,00,000","recurring":""},{"year":"2024-25","scheme":"SCAP","coordinator":"Dr.A.PeddaLingaswamy","dept":"H&BS","nonRecurring":"","recurring":"80,000"},{"year":"2024-25","scheme":"E&ICT-NITW","coordinator":"Dr.A.PeddaLingaswamy","dept":"H&BS","nonRecurring":"","recurring":"4,37,000"},{"year":"2021-22","scheme":"AICTE-ISTE","coordinator":"Dr. T.BRAMHANANDA REDDY","dept":"EEE","nonRecurring":"","recurring":"93,000"},{"year":"2020-21","scheme":"AICTE-SPICES","coordinator":"Dr. C. Harinatha Reddy","dept":"EEE","nonRecurring":"","recurring":"1,00,000"},{"year":"2020-21","scheme":"ATAL- AICTE","coordinator":"Dr. M. Sreenivasula Reddy","dept":"CE","nonRecurring":"","recurring":"93,000"},{"year":"2020-21","scheme":"ATAL- AICTE","coordinator":"Dr. C. Harinatha Reddy","dept":"EEE","nonRecurring":"","recurring":"93,000"},{"year":"2020-21","scheme":"ATAL- AICTE","coordinator":"Dr. C. Sreedhar","dept":"CSE","nonRecurring":"","recurring":"93,000"},{"year":"2020-21","scheme":"ATAL- AICTE","coordinator":"Dr. Salai Thillai Thilagam","dept":"ECE","nonRecurring":"","recurring":"93,000"},{"year":"2020-21","scheme":"ATAL- AICTE","coordinator":"Dr. G. Amjad Kahan","dept":"ECE","nonRecurring":"","recurring":"93,000"},{"year":"2020-21","scheme":"ATAL- AICTE","coordinator":"Dr. Salai Thillai Thilagam","dept":"ECE","nonRecurring":"","recurring":"93,000"},{"year":"2020-21","scheme":"ATAL- AICTE","coordinator":"Dr.Shaik Saheb Basha","dept":"ECE","nonRecurring":"","recurring":"93,000"},{"year":"2019-20","scheme":"MODROBS","coordinator":"Dr. T.BRAMHANANDA REDDY","dept":"EEE","nonRecurring":"1094999.00","recurring":"1,93,235"},{"year":"2019-20","scheme":"STTP","coordinator":"Dr. ABDUL KHAYUM PINJARI","dept":"ECE","nonRecurring":"","recurring":"3,11,333"},{"year":"2019-20","scheme":"STTP","coordinator":"Dr. SRINIVAS DORAISWAMY","dept":"ECE","nonRecurring":"","recurring":"1,89,167"},{"year":"2019-20","scheme":"MODROB- RURAL","coordinator":"Dr. N. KASIVISWANATH","dept":"CSE","nonRecurring":"6,74,334","recurring":"1,19,000"},{"year":"2019-20","scheme":"UGC-TRAVEL GRANT","coordinator":"Dr. R. MEENAKSHI REDDY","dept":"ME","nonRecurring":"","recurring":"92,803"},{"year":"2019-20","scheme":"DST-NIMAT (EAC)","coordinator":"Dr. GUDIMETTA SURESH KUMAR","dept":"ME","nonRecurring":"","recurring":"20,000"},{"year":"2018-19","scheme":"AICTE-ISTE Induction Programme","coordinator":"Dr. N. RAVI SANKARA REDDY","dept":"EEE","nonRecurring":"","recurring":"3,00,000"},{"year":"2018-19","scheme":"PMKVY-TI","coordinator":"PRINCIPAL","dept":"","nonRecurring":"","recurring":"15,15,125"},{"year":"2018-19","scheme":"MODROBS","coordinator":"Dr. VENKATA JUNNALAGADDA","dept":"CE","nonRecurring":"10,20,000","recurring":"1,80,000"},{"year":"2018-19","scheme":"AICTE-ISTE Induction Programme","coordinator":"Dr. Y.V. SIVA REDDY","dept":"EEE","nonRecurring":"","recurring":"3,00,000"},{"year":"2017-18","scheme":"GOC","coordinator":"Dr. SURYAKARI NAGARAJA RAO","dept":"ECE","nonRecurring":"","recurring":"5,00,000"},{"year":"2017-18","scheme":"FDP","coordinator":"Dr. KAVITHA DWARAM","dept":"CSE","nonRecurring":"","recurring":"5,47,000"},{"year":"2017-18","scheme":"UNNAT BHARAT ABHIYAN","coordinator":"Dr.M NAGAPHANI SASTRY","dept":"ME","nonRecurring":"","recurring":"50,000"},{"year":"2017-18","scheme":"MODROBS","coordinator":"Dr. T.BRAMHANANDA REDDY","dept":"EEE","nonRecurring":"4,94,118","recurring":"1,05,882"},{"year":"2017-18","scheme":"MODROBS","coordinator":"Dr. K. SURESH REDDY","dept":"ECE","nonRecurring":"4,44,706","recurring":"95,294"},{"year":"2017-18","scheme":"MINOR RESEARCH PROJECT","coordinator":"K. DEVAKI DEVI","dept":"ME","nonRecurring":"1,95,000","recurring":"25,000"},{"year":"2017-18","scheme":"MINOR RESEARCH PROJECT","coordinator":"K. SUDHAKAR","dept":"CSE","nonRecurring":"69,400","recurring":"30,000"},{"year":"2017-18","scheme":"MINOR RESEARCH PROJECT","coordinator":"Dr.R.PRAVEEN SAM","dept":"CSE","nonRecurring":"1,62,000","recurring":"75,000"},{"year":"2016-17","scheme":"PMKVY-TI","coordinator":"PRINCIPAL","dept":"","nonRecurring":"","recurring":"11,09,700"},{"year":"2016-17","scheme":"FIST","coordinator":"PRINCIPAL","dept":"","nonRecurring":"30,00,000","recurring":""}]$json$::jsonb),
  ('ongoingProjectsRows', $json$[{"pi":"Ms. J. Sravani","dept":"CE","title":"Experimental study on high strength self-compacting concrete by incorporating sustainable materials","amount":"1,85,000","status":"Ongoing"},{"pi":"Dr. K. Satish Kumar","dept":"CE","title":"Assessment monthly and seasonal droughts using GRACE terrestrial water storage variations and machine learning techniques for Godavari river basin","amount":"2,75,000","status":"Ongoing"},{"pi":"Dr. R.V. Saikumar Reddy","dept":"ME","title":"Preparation of polymer composite and polymer films by using agricultural waste","amount":"1,40,000","status":"Ongoing"},{"pi":"Dr. D. Mohana Krishnudu","dept":"ME","title":"Bio degradable composites using twin screw injection moulding","amount":"2,30,000","status":"Ongoing"},{"pi":"Dr.S. Nagaraja Rao","dept":"ECE","title":"Development of Advanced Humanoid Robot for Assistive and Collaborative Applications in Healthcare, Industrial Automation and Public Safety","amount":"2,18,300","status":"Ongoing"},{"pi":"Dr.S.M Shamsheer Daula","dept":"ECE","title":"AI based Counter and Efficient Security Monitoring System","amount":"61,360","status":"Ongoing"},{"pi":"Dr. G. Sreenivasa Reddy","dept":"EEE","title":"Installation and Commissioning of IoT-Based Smart Grid for Campus Monitoring","amount":"7,50,000","status":"Ongoing"}]$json$::jsonb),
  ('researchScholarsRows', $json$[{"name":"N C Sandeep","enrolment":"13PH0322","topic":"Studies and Comparison of the Properties of Natural Fibre and Synthetic Fibre Reinforced Bio Composites","supervisor":"D. H. Raghavendra Rao","status":"Awarded"},{"name":"Poornima","enrolment":"13PH0525","topic":"Security Mechanisms for Data management and Accessing for Hybrid Clouds","supervisor":"Dr. N. Kasiviswanath","status":"Awarded"},{"name":"Kisan Ajay","enrolment":"14PH0431","topic":"Scalable and Robust Burst Scheduling for Optimal Switching in WDM Networks","supervisor":"Dr. K. Suresh Reddy","status":"Awarded"},{"name":"N. Anantha Krishna","enrolment":"14PH0324","topic":"A Treatise on Alchemy of Ancient Materials and Casting Process","supervisor":"Dr. Y.V. Mohan Reddy","status":"Awarded"},{"name":"B. Mallikarjuna","enrolment":"15PH0234","topic":"Optimal Solution for Economic and Emission Dispatch with Renewable Sources using Different optimization Techniques","supervisor":"Dr. Y. V. Siva Reddy","status":"Ongoing"},{"name":"Lakshmi Prasanna","enrolment":"15PH0526","topic":"Improving the Performance of Data Centres in Wireless Networks","supervisor":"Dr. S. Zahoorul Haq","status":"Ongoing"},{"name":"A Ravi Theja","enrolment":"15PH0118","topic":"Development of Macro Mechanical Model for High Strength Concrete","supervisor":"Dr. T. Chandra Sekhar Reddy","status":"Submitted"},{"name":"M Jayalakshmi","enrolment":"16PH0432","topic":"Robust image De-Noising in Biomedical Applications","supervisor":"Dr. S. Nagaraja Rao","status":"Ongoing"},{"name":"P Venkateshwar Reddy","enrolment":"16PH0330","topic":"Process Parameters Effect on Tube Hydro Forming Process","supervisor":"Dr. B. Veerabadra Reddy","status":"Awarded"},{"name":"B Gururaj","enrolment":"16PH0226","topic":"Performance Analysis of Direct Torque Controlled Electric Vehicles Drive System With AI Controllers","supervisor":"Dr. K. SriGowri","status":"Awarded"},{"name":"J Jayaprakash Reddy","enrolment":"16PH0124","topic":"Evaluation of Seepage Analysis and Control Measures for Earthen Dams","supervisor":"Dr. B.J.S Varaprasad","status":"Submitted"},{"name":"L Neelu","enrolment":"16PH0526","topic":"Managing Interconnected Devices by Enhancing Software Metrics","supervisor":"Dr.D.Kavitha","status":"Awarded"},{"name":"K Madhurima","enrolment":"19PH0321","topic":"Characterization, Parametric Modelling and Optimization of Additively Manufactured and Heat Treated Aluminium Alloy Component","supervisor":"Dr.K.Devaki Devi","status":"Ongoing"},{"name":"R Rohit","enrolment":"19PH0214","topic":"Design and Analysis of Grid Connected PhotoVoltaic System for Improvement of Power Quality at Various Load Conditions","supervisor":"Dr.G.Kishor","status":"Awarded"},{"name":"G Sulakshana","enrolment":"19PH0507","topic":"Machine Learning Based Approach for Energy Efficient and QoS Enhancement in Wireless Sensor Networks","supervisor":"Dr.K. Govardhan Reddy","status":"Ongoing"},{"name":"Jalagadugu Anusha","enrolment":"19PH0437","topic":"Precise vlsi-fpga Architecture for AI based Adaptive Filters using LMS Algorithm","supervisor":"Dr.S. Nagaraja Rao","status":"Ongoing"},{"name":"M.Sameena Nazeer","enrolment":"229X1P0401","topic":"Asynchronous Sampling Based Hybrid Eqqualizer","supervisor":"Dr.G.V.R. Sagar","status":"Ongoing"},{"name":"Nancherla Kavita","enrolment":"23PH0425","topic":"","supervisor":"Dr. S. Shamsheer Daula","status":"Ongoing"},{"name":"Mallari Eramma","enrolment":"23PH0543","topic":"Artificial Intelligence and Machine Learning","supervisor":"Dr. C. Sreedhar","status":"Ongoing"},{"name":"Derangula Srihari","enrolment":"23PH0216","topic":"Renewable Energy Systems and Power Electonics Drives","supervisor":"Dr. M. Harsha Vardhan Reddy","status":"Ongoing"}]$json$::jsonb),
  ('consultancyRows', $json$[{"setup":"Universal Testing Machine (INSTRON 3369)","contact":"Dr. H. Raghavendra Rao"},{"setup":"Wear Testing Machine (Ducom)","contact":"Dr. E. Venugopal Goud"},{"setup":"Thermal Energy Storage System","contact":"Dr. R. Meenakshi Reddy"},{"setup":"Diesel Engine","contact":"Dr. R. Meenakshi Reddy"},{"setup":"FFT Analyzer","contact":"Dr. P. Harishanker"},{"setup":"CNC Machine and Lathe with Dynamometer","contact":"Dr. E. Venugopal Goud"},{"setup":"Stir Casting Machine","contact":"Dr. E. Venugopal Goud"}]$json$::jsonb),
  ('publicationsRows', $json$[{"year":"2024-25","dept":"CSE","sci":3,"scopus":14,"others":0,"conference":24},{"year":"2024-25","dept":"CE","sci":1,"scopus":21,"others":7,"conference":27},{"year":"2024-25","dept":"CSM","sci":1,"scopus":3,"others":0,"conference":16},{"year":"2024-25","dept":"ECE","sci":3,"scopus":3,"others":19,"conference":18},{"year":"2024-25","dept":"ME","sci":19,"scopus":27,"others":0,"conference":26},{"year":"2024-25","dept":"EEE","sci":0,"scopus":6,"others":7,"conference":21},{"year":"2024-25","dept":"H&BS","sci":13,"scopus":9,"others":2,"conference":21},{"year":"2023-24","dept":"CSE","sci":1,"scopus":17,"others":0,"conference":13},{"year":"2023-24","dept":"CE","sci":2,"scopus":5,"others":5,"conference":10},{"year":"2023-24","dept":"CSM","sci":3,"scopus":7,"others":0,"conference":8},{"year":"2023-24","dept":"ECE","sci":2,"scopus":12,"others":7,"conference":13},{"year":"2023-24","dept":"ME","sci":10,"scopus":16,"others":0,"conference":13},{"year":"2023-24","dept":"EEE","sci":0,"scopus":10,"others":2,"conference":7},{"year":"2023-24","dept":"H&BS","sci":4,"scopus":5,"others":0,"conference":14},{"year":"2022-23","dept":"CSE","sci":3,"scopus":12,"others":1,"conference":4},{"year":"2022-23","dept":"CE","sci":2,"scopus":4,"others":10,"conference":11},{"year":"2022-23","dept":"CSM","sci":5,"scopus":5,"others":1,"conference":4},{"year":"2022-23","dept":"ECE","sci":5,"scopus":13,"others":1,"conference":25},{"year":"2022-23","dept":"ME","sci":13,"scopus":11,"others":0,"conference":0},{"year":"2022-23","dept":"EEE","sci":1,"scopus":7,"others":0,"conference":0},{"year":"2022-23","dept":"H&BS","sci":4,"scopus":2,"others":2,"conference":12},{"year":"2021-22","dept":"CSE","sci":10,"scopus":11,"others":0,"conference":2},{"year":"2021-22","dept":"CE","sci":4,"scopus":2,"others":15,"conference":7},{"year":"2021-22","dept":"CSM","sci":0,"scopus":0,"others":0,"conference":0},{"year":"2021-22","dept":"ECE","sci":5,"scopus":7,"others":0,"conference":9},{"year":"2021-22","dept":"ME","sci":9,"scopus":18,"others":0,"conference":0},{"year":"2021-22","dept":"EEE","sci":4,"scopus":7,"others":2,"conference":3},{"year":"2021-22","dept":"H&BS","sci":3,"scopus":0,"others":0,"conference":1}]$json$::jsonb),
  ('nbaAccreditationRows', $json$[{"year":"2023","programs":"CE, ME, EEE","url":"https://www.gprec.ac.in/wp-content/uploads/2019/08/NBA-2023-Letter-CE-ME-EEE-2023-2026.pdf"},{"year":"2022","programs":"CSE, ECE","url":"https://www.gprec.ac.in/wp-content/uploads/2019/08/NBA%202022%20Letter%20-%20CSE%20ECE%20-%202022-2025.pdf"},{"year":"2021","programs":"CSE, ECE","url":"https://www.gprec.ac.in/wp-content/uploads/2019/08/NBA-ACCREDITATION-REPORT-2021.pdf"},{"year":"2020","programs":"CE, EEE, ME","url":"https://www.gprec.ac.in/wp-content/uploads/2019/08/NBA-ACCREDITATION-REPORT-2020.pdf"},{"year":"2019","programs":"CSE, ECE","url":"https://www.gprec.ac.in/wp-content/uploads/2019/08/NBA-ACCREDITATION-REPORT-2019.pdf"},{"year":"2017","programs":"CE, EEE, ME","url":"https://www.gprec.ac.in/wp-content/uploads/2019/08/NBA-ACCREDITATION-REPORT-2017.pdf"},{"year":"2013","programs":"CE, ECE, EEE, ME","url":"https://www.gprec.ac.in/wp-content/uploads/2019/08/NBA-ACCREDITATION-REPORT-2013.pdf"},{"year":"2008","programs":"CE, ME, CSE, EEE, ECE, CSIT","url":"https://www.gprec.ac.in/wp-content/uploads/2019/08/NBA-ACCREDITATION-REPORT-2008.pdf"},{"year":"2005","programs":"CE, ECE, CSE, EEE, ME, IPE","url":"https://www.gprec.ac.in/wp-content/uploads/2019/08/NBA-ACCREDITATION-REPORT-2005.pdf"}]$json$::jsonb),
  ('sitePhotos', $json${}$json$::jsonb)
ON CONFLICT (content_key) DO NOTHING;

-- Past-semester exam schedules (simplified {code, subject, date, time} shape, no per-department
-- room/seat data - only the current semester needs that level of detail).
INSERT INTO exam_schedules (department_code, subject_code, subject_name, exam_date, exam_time, roll_from, roll_to, room, start_seat, location, term_label) VALUES
  ('CSE', 'OOAD', 'Object Oriented Analysis and Design', '2025-12-08', '10:00 AM - 1:00 PM', '20X51A0501', '20X51A0556', '-', 1, '-', 'V Semester'),
  ('CSE', 'CD', 'Compiler Design', '2025-12-10', '10:00 AM - 1:00 PM', '20X51A0501', '20X51A0556', '-', 1, '-', 'V Semester'),
  ('CSE', 'WT', 'Web Technologies', '2025-12-12', '10:00 AM - 1:00 PM', '20X51A0501', '20X51A0556', '-', 1, '-', 'V Semester'),
  ('CSE', 'ML', 'Machine Learning', '2025-12-15', '10:00 AM - 1:00 PM', '20X51A0501', '20X51A0556', '-', 1, '-', 'V Semester'),
  ('CSE', 'DAA', 'Design and Analysis of Algorithms', '2025-06-05', '10:00 AM - 1:00 PM', '20X51A0501', '20X51A0556', '-', 1, '-', 'IV Semester'),
  ('CSE', 'TOC', 'Theory of Computation', '2025-06-07', '10:00 AM - 1:00 PM', '20X51A0501', '20X51A0556', '-', 1, '-', 'IV Semester'),
  ('CSE', 'OS', 'Operating Systems', '2025-06-09', '10:00 AM - 1:00 PM', '20X51A0501', '20X51A0556', '-', 1, '-', 'IV Semester'),
  ('CSE', 'MP', 'Microprocessors', '2025-06-11', '10:00 AM - 1:00 PM', '20X51A0501', '20X51A0556', '-', 1, '-', 'IV Semester');

-- Data retention standards. These rows classify tables by behavior; cleanup jobs can read this
-- metadata to decide whether a table is permanent, archived after a cycle, or purged later.
INSERT INTO data_retention_policies (
  policy_code, behavior, description, retention_months, retention_basis, disposal_action, legal_hold_allowed
) VALUES
  ('PERMANENT_ACADEMIC', 'Academic evidence', 'Official academic, identity, curriculum, result, and schedule records that support certificates, marks, and statutory reporting.', NULL, 'created_at', 'Keep permanently or archive read-only according to statutory/university requirements.', true),
  ('ACTIVE_CYCLE_PLUS_1_SEM', 'Student-facing operational data', 'Current operational records visible to students during an active academic/exam cycle.', 12, 'created_at', 'Archive after the cycle and one additional semester once grievance windows close.', true),
  ('TEMP_90_DAYS', 'Temporary working data', 'Drafts, previews, short-lived requests, and working copies used to complete an operation.', 3, 'created_at', 'Delete after reconciliation, backup, and operational sign-off.', false),
  ('AUDIT_7_YEARS', 'Audit and change history', 'Administrative activity, release actions, edits, access events, and decision trails.', 84, 'created_at', 'Keep immutable; export before archival migration.', true),
  ('SECURITY_3_YEARS', 'Security and authentication', 'Credential metadata, password rotation state, failed-login counters, and authentication recovery references.', 36, 'updated_at', 'Purge disabled accounts after review; never expose password hashes in exports.', true),
  ('FINANCE_8_YEARS', 'Financial transaction evidence', 'Payments, fee dues, contributions, and financial reconciliation records.', 96, 'created_at', 'Archive read-only after statutory accounting retention.', true),
  ('USER_CONTENT_5_YEARS', 'User-generated content', 'Student/alumni submissions, memories, documents, and uploaded content not used as permanent academic evidence.', 60, 'created_at', 'Archive or delete after owner/legal review.', true),
  ('REFERENCE_ACTIVE', 'Reference/configuration data', 'Departments, faculty directory, content settings, catalog rows, and lookup/config tables.', NULL, 'updated_at', 'Retain while active; archive superseded versions when replaced.', true)
ON CONFLICT (policy_code) DO UPDATE SET
  behavior = EXCLUDED.behavior,
  description = EXCLUDED.description,
  retention_months = EXCLUDED.retention_months,
  retention_basis = EXCLUDED.retention_basis,
  disposal_action = EXCLUDED.disposal_action,
  legal_hold_allowed = EXCLUDED.legal_hold_allowed,
  updated_at = now();

INSERT INTO data_retention_table_policies (
  table_name, policy_code, owner_module, date_column, contains_pii, notes
) VALUES
  ('departments', 'REFERENCE_ACTIVE', 'Academic Administration', 'created_at', false, 'Department lookup/configuration data.'),
  ('students', 'PERMANENT_ACADEMIC', 'Student Records', 'created_at', true, 'Core student identity and academic profile.'),
  ('guardians', 'PERMANENT_ACADEMIC', 'Student Records', 'created_at', true, 'Guardian details tied to student record retention.'),
  ('faculty', 'REFERENCE_ACTIVE', 'HR/Academic Administration', 'created_at', true, 'Faculty directory and teaching assignment reference data.'),
  ('non_teaching_staff', 'REFERENCE_ACTIVE', 'HR/Administration', 'created_at', true, 'Staff directory reference data.'),
  ('admins', 'REFERENCE_ACTIVE', 'Administration', 'created_at', true, 'Role and access directory.'),
  ('user_credentials', 'SECURITY_3_YEARS', 'Authentication', 'updated_at', true, 'Contains password hashes/salts; never include in public exports.'),
  ('notices', 'ACTIVE_CYCLE_PLUS_1_SEM', 'Notices', 'created_at', false, 'Published notices and attachments.'),
  ('fee_dues', 'FINANCE_8_YEARS', 'Finance', 'created_at', true, 'Outstanding fee evidence.'),
  ('payments', 'FINANCE_8_YEARS', 'Finance', 'paid_on', true, 'Payment transaction evidence.'),
  ('funding_contributions', 'FINANCE_8_YEARS', 'Alumni/Fundraising', 'contributed_at', true, 'Contribution/payment evidence.'),
  ('exam_schedules', 'PERMANENT_ACADEMIC', 'Exam Cell', 'created_at', false, 'Official schedule, seating, room, and exam-centre allocation records.'),
  ('invigilation_duties', 'AUDIT_7_YEARS', 'Exam Cell', 'created_at', true, 'Faculty supervision duty assignments and accountability trail.'),
  ('activity_log', 'AUDIT_7_YEARS', 'Audit', 'created_at', true, 'Admin and module activity trail.'),
  ('complaints', 'ACTIVE_CYCLE_PLUS_1_SEM', 'Student Support', 'created_at', true, 'Operational complaints and resolution status.'),
  ('hostel_allocations', 'PERMANENT_ACADEMIC', 'Hostel', 'created_at', true, 'Residential allocation history tied to student record.'),
  ('hostel_outing_requests', 'TEMP_90_DAYS', 'Hostel', 'updated_at', true, 'Short-lived outing request workflow data.'),
  ('hostel_visiting_requests', 'TEMP_90_DAYS', 'Hostel', 'updated_at', true, 'Short-lived visitor request workflow data.'),
  ('hostel_leave_requests', 'ACTIVE_CYCLE_PLUS_1_SEM', 'Hostel', 'updated_at', true, 'Leave requests may need semester-level review.'),
  ('library_books', 'REFERENCE_ACTIVE', 'Library', 'created_at', false, 'Catalog/reference data.'),
  ('library_issues', 'ACTIVE_CYCLE_PLUS_1_SEM', 'Library', 'issued_on', true, 'Issued-book records and fines for current cycle.'),
  ('placement_drives', 'ACTIVE_CYCLE_PLUS_1_SEM', 'Placements', 'drive_date', false, 'Recruitment drive operational data.'),
  ('placement_applications', 'ACTIVE_CYCLE_PLUS_1_SEM', 'Placements', 'applied_at', true, 'Student applications for placement drives.'),
  ('assignments', 'ACTIVE_CYCLE_PLUS_1_SEM', 'Academics', 'created_at', false, 'Assignment instructions and deadlines.'),
  ('assignment_submissions', 'USER_CONTENT_5_YEARS', 'Academics', 'submitted_at', true, 'Student assignment submissions.'),
  ('assignment_submission_files', 'USER_CONTENT_5_YEARS', 'Academics', 'created_at', true, 'Uploaded assignment files.'),
  ('curriculum', 'PERMANENT_ACADEMIC', 'Academics', 'created_at', false, 'Official curriculum/subject structure.'),
  ('class_timetable', 'ACTIVE_CYCLE_PLUS_1_SEM', 'Academics', 'updated_at', false, 'Operational class timetable for a section.'),
  ('attendance_records', 'PERMANENT_ACADEMIC', 'Academics', 'created_at', true, 'Attendance session header.'),
  ('attendance_entries', 'PERMANENT_ACADEMIC', 'Academics', 'created_at', true, 'Student-wise attendance evidence.'),
  ('student_grades', 'PERMANENT_ACADEMIC', 'Exam Cell', 'created_at', true, 'Published grade/result evidence.'),
  ('site_content', 'REFERENCE_ACTIVE', 'Public Website', 'updated_at', false, 'Admin-managed website and portal content.'),
  ('bank_details', 'SECURITY_3_YEARS', 'Finance', 'updated_at', true, 'Encrypted financial PII; retain only while needed for payment workflows.'),
  ('fee_amount_overrides', 'REFERENCE_ACTIVE', 'Finance', 'created_at', false, 'Fee configuration/reference data.'),
  ('student_section_assignments', 'PERMANENT_ACADEMIC', 'Academics', 'created_at', true, 'Section assignment history.'),
  ('class_messages', 'TEMP_90_DAYS', 'Faculty', 'posted_at', false, 'Short-lived class announcements.'),
  ('leave_requests', 'ACTIVE_CYCLE_PLUS_1_SEM', 'HR/Academics', 'requested_at', true, 'Faculty/staff leave workflow records.'),
  ('adhoc_class_requests', 'ACTIVE_CYCLE_PLUS_1_SEM', 'Academics', 'requested_at', true, 'Ad-hoc class workflow records.'),
  ('class_cancellations', 'ACTIVE_CYCLE_PLUS_1_SEM', 'Academics', 'created_at', false, 'Class cancellation operational notices.'),
  ('student_projects', 'USER_CONTENT_5_YEARS', 'Academics', 'updated_at', true, 'Student-submitted project metadata.'),
  ('student_research', 'USER_CONTENT_5_YEARS', 'Academics', 'updated_at', true, 'Student research submissions.'),
  ('course_materials', 'ACTIVE_CYCLE_PLUS_1_SEM', 'Academics', 'uploaded_at', false, 'Course materials and resources.'),
  ('student_documents', 'USER_CONTENT_5_YEARS', 'Student Services', 'uploaded_at', true, 'Uploaded student documents.'),
  ('alumni_accounts', 'SECURITY_3_YEARS', 'Alumni', 'updated_at', true, 'Alumni profile plus authentication metadata.'),
  ('alumni_albums', 'USER_CONTENT_5_YEARS', 'Alumni', 'updated_at', true, 'Alumni uploaded albums/media metadata.'),
  ('alumni_memories', 'USER_CONTENT_5_YEARS', 'Alumni', 'updated_at', true, 'Alumni posts/memories/media metadata.'),
  ('alumni_event_rsvps', 'ACTIVE_CYCLE_PLUS_1_SEM', 'Alumni', 'updated_at', true, 'Event RSVP operational records.'),
  ('contact_messages', 'ACTIVE_CYCLE_PLUS_1_SEM', 'Public Website', 'updated_at', true, 'Contact form submissions.'),
  ('calendar_reminders', 'TEMP_90_DAYS', 'Calendar', 'updated_at', true, 'Personal reminder data.'),
  ('book_favorites', 'USER_CONTENT_5_YEARS', 'Library', 'updated_at', true, 'User book favorites/preferences.'),
  ('ai_usage_stats', 'REFERENCE_ACTIVE', 'AI/Integrations', 'updated_at', false, 'Aggregate counters, no prompt payload.'),
  ('ai_request_log', 'TEMP_90_DAYS', 'AI/Integrations', 'created_at', false, 'Short-lived provider request diagnostics.')
ON CONFLICT (schema_name, table_name) DO UPDATE SET
  policy_code = EXCLUDED.policy_code,
  owner_module = EXCLUDED.owner_module,
  date_column = EXCLUDED.date_column,
  contains_pii = EXCLUDED.contains_pii,
  notes = EXCLUDED.notes,
  is_active = true,
  updated_at = now();

COMMIT;
